age,year,state,population,glaucoma,retina,eye
25,2010,RO,301494,0,0,2
25,2010,AC,139508,0,0,13
25,2010,AM,671416,-1,1,39
25,2010,RR,87860,-1,0,2
25,2010,PA,1475525,0,2,60
25,2010,AP,133931,-1,0,0
25,2010,TO,260391,0,0,17
25,2010,MA,1268950,0,28,77
25,2010,PI,584842,4,13,82
25,2010,CE,1587035,2,20,147
25,2010,RN,605664,-1,18,75
25,2010,PB,683287,0,0,106
25,2010,PE,1618976,0,33,166
25,2010,AL,569755,0,5,21
25,2010,SE,395454,0,4,23
25,2010,BA,2649169,17,82,359
25,2010,MG,3484925,10,106,428
25,2010,ES,654273,0,31,98
25,2010,RJ,2703565,9,16,115
25,2010,SP,7526671,46,305,1428
25,2010,PR,1805594,2,65,292
25,2010,SC,1146846,3,25,114
25,2010,RS,1789291,1,66,259
25,2010,MS,442929,1,5,64
25,2010,MT,577661,0,0,18
25,2010,GO,1124966,6,45,150
25,2010,DF,520911,5,19,177
25,2011,RO,304131,1,1,7
25,2011,AC,140962,0,2,10
25,2011,AM,679983,-1,0,51
25,2011,RR,89398,-1,0,1
25,2011,PA,1487996,0,30,102
25,2011,AP,137240,-1,0,3
25,2011,TO,262615,0,0,14
25,2011,MA,1271452,0,31,57
25,2011,PI,582132,3,5,59
25,2011,CE,1601758,8,21,146
25,2011,RN,610042,-1,14,72
25,2011,PB,683206,2,2,42
25,2011,PE,1617891,2,49,180
25,2011,AL,568859,0,11,23
25,2011,SE,397878,0,21,29
25,2011,BA,2625866,10,82,372
25,2011,MG,3486083,4,84,396
25,2011,ES,655111,0,42,88
25,2011,RJ,2689105,3,7,108
25,2011,SP,7496236,53,280,1378
25,2011,PR,1811981,11,76,349
25,2011,SC,1157841,8,33,113
25,2011,RS,1783792,4,53,194
25,2011,MS,445555,0,3,68
25,2011,MT,580462,1,2,21
25,2011,GO,1134764,1,40,112
25,2011,DF,518377,2,18,150
25,2012,RO,306221,0,0,2
25,2012,AC,142305,0,0,7
25,2012,AM,687744,-1,0,5
25,2012,RR,90721,-1,0,2
25,2012,PA,1497600,2,12,71
25,2012,AP,140300,-1,0,1
25,2012,TO,264730,0,0,34
25,2012,MA,1270930,0,37,106
25,2012,PI,578741,5,6,62
25,2012,CE,1613583,1,13,133
25,2012,RN,612056,-1,11,63
25,2012,PB,682449,0,7,23
25,2012,PE,1614092,6,67,261
25,2012,AL,568028,0,23,50
25,2012,SE,399417,0,23,34
25,2012,BA,2598203,3,77,369
25,2012,MG,3482167,7,81,431
25,2012,ES,653636,0,39,80
25,2012,RJ,2670434,3,14,95
25,2012,SP,7434101,27,238,1348
25,2012,PR,1817966,6,69,318
25,2012,SC,1164329,7,32,138
25,2012,RS,1774361,2,27,161
25,2012,MS,447625,0,14,77
25,2012,MT,582125,3,11,39
25,2012,GO,1141914,4,65,151
25,2012,DF,514387,3,18,123
25,2013,RO,307876,0,6,10
25,2013,AC,143720,0,0,5
25,2013,AM,695437,-1,9,16
25,2013,RR,91983,-1,0,1
25,2013,PA,1505622,1,2,72
25,2013,AP,143214,-1,0,3
25,2013,TO,266808,0,0,24
25,2013,MA,1268536,0,20,49
25,2013,PI,574887,8,10,50
25,2013,CE,1622756,12,22,154
25,2013,RN,612146,-1,11,59
25,2013,PB,681063,2,5,15
25,2013,PE,1608667,6,50,197
25,2013,AL,567623,0,26,45
25,2013,SE,400408,0,24,33
25,2013,BA,2568822,6,54,362
25,2013,MG,3474781,3,96,472
25,2013,ES,650591,0,28,56
25,2013,RJ,2651096,3,13,116
25,2013,SP,7352841,37,263,1230
25,2013,PR,1823570,9,84,325
25,2013,SC,1167418,5,28,140
25,2013,RS,1762971,2,40,174
25,2013,MS,449268,2,10,94
25,2013,MT,582934,0,13,48
25,2013,GO,1147209,3,35,143
25,2013,DF,509849,1,2,66
25,2014,RO,309240,1,3,12
25,2014,AC,145454,0,0,5
25,2014,AM,704144,-1,6,15
25,2014,RR,93412,-1,0,0
25,2014,PA,1513993,0,8,86
25,2014,AP,146140,-1,0,1
25,2014,TO,268930,0,0,22
25,2014,MA,1266137,0,23,42
25,2014,PI,570928,6,7,48
25,2014,CE,1629887,5,22,165
25,2014,RN,611092,-1,20,46
25,2014,PB,679116,0,0,11
25,2014,PE,1603335,11,52,201
25,2014,AL,568180,0,30,50
25,2014,SE,401378,0,14,23
25,2014,BA,2541523,10,55,295
25,2014,MG,3466325,8,96,459
25,2014,ES,647092,0,25,62
25,2014,RJ,2636194,1,21,119
25,2014,SP,7271419,27,250,1226
25,2014,PR,1828871,6,84,301
25,2014,SC,1168899,13,43,184
25,2014,RS,1752634,0,51,157
25,2014,MS,450687,0,7,68
25,2014,MT,583277,0,2,33
25,2014,GO,1151797,4,44,183
25,2014,DF,506047,1,4,75
25,2015,RO,310394,0,0,24
25,2015,AC,147663,0,0,3
25,2015,AM,714445,-1,5,19
25,2015,RR,95323,-1,0,0
25,2015,PA,1523851,0,15,61
25,2015,AP,149170,-1,0,3
25,2015,TO,271129,0,0,8
25,2015,MA,1264834,1,28,66
25,2015,PI,567083,0,3,37
25,2015,CE,1635191,1,8,130
25,2015,RN,609409,-1,11,29
25,2015,PB,676663,0,9,15
25,2015,PE,1599136,8,46,178
25,2015,AL,569953,0,21,43
25,2015,SE,402631,0,10,18
25,2015,BA,2518529,10,60,251
25,2015,MG,3458128,2,86,436
25,2015,ES,643885,1,17,69
25,2015,RJ,2628656,5,24,117
25,2015,SP,7202248,30,273,1266
25,2015,PR,1833709,7,78,322
25,2015,SC,1169872,5,28,146
25,2015,RS,1745122,4,49,151
25,2015,MS,451969,1,5,69
25,2015,MT,583398,0,1,30
25,2015,GO,1156396,7,47,180
25,2015,DF,503833,1,15,73
25,2016,RO,311415,0,1,23
25,2016,AC,150318,0,0,7
25,2016,AM,726198,-1,8,37
25,2016,RR,97928,-1,1,3
25,2016,PA,1535269,1,6,64
25,2016,AP,152242,-1,0,2
25,2016,TO,273447,0,0,6
25,2016,MA,1265035,2,41,62
25,2016,PI,563531,2,2,39
25,2016,CE,1638982,5,17,179
25,2016,RN,607055,-1,9,27
25,2016,PB,673997,0,3,14
25,2016,PE,1596196,3,30,167
25,2016,AL,573097,1,20,68
25,2016,SE,404127,0,10,14
25,2016,BA,2500932,7,34,207
25,2016,MG,3450145,4,94,444
25,2016,ES,640910,1,16,54
25,2016,RJ,2627683,4,15,91
25,2016,SP,7142573,29,267,1208
25,2016,PR,1837996,17,67,361
25,2016,SC,1170054,10,46,171
25,2016,RS,1740053,3,66,168
25,2016,MS,453153,1,5,79
25,2016,MT,583338,0,2,19
25,2016,GO,1160714,8,59,183
25,2016,DF,502815,5,18,104
25,2017,RO,312405,0,0,32
25,2017,AC,153437,0,0,12
25,2017,AM,739547,-1,7,30
25,2017,RR,103768,-1,2,2
25,2017,PA,1548676,0,16,93
25,2017,AP,155306,-1,0,1
25,2017,TO,275990,0,0,9
25,2017,MA,1267476,2,29,60
25,2017,PI,560451,3,3,45
25,2017,CE,1641961,3,6,96
25,2017,RN,604089,-1,8,28
25,2017,PB,671421,0,5,19
25,2017,PE,1594961,6,48,175
25,2017,AL,577940,2,17,75
25,2017,SE,405970,0,8,14
25,2017,BA,2490620,10,52,215
25,2017,MG,3443061,5,87,424
25,2017,ES,638231,1,18,68
25,2017,RJ,2633676,0,24,136
25,2017,SP,7091964,32,238,1268
25,2017,PR,1842007,19,77,347
25,2017,SC,1169583,13,31,154
25,2017,RS,1737714,4,74,197
25,2017,MS,454369,0,12,82
25,2017,MT,583229,0,0,17
25,2017,GO,1164630,9,66,198
25,2017,DF,502717,1,20,93
25,2018,RO,313223,1,2,30
25,2018,AC,156891,2,2,13
25,2018,AM,753323,-1,7,22
25,2018,RR,112213,-1,0,1
25,2018,PA,1562834,0,18,104
25,2018,AP,158319,-1,0,1
25,2018,TO,278475,0,0,8
25,2018,MA,1271250,2,32,59
25,2018,PI,557838,5,5,34
25,2018,CE,1642541,3,15,103
25,2018,RN,600598,-1,12,32
25,2018,PB,668842,0,0,8
25,2018,PE,1594623,9,28,159
25,2018,AL,583618,0,23,82
25,2018,SE,407728,1,18,23
25,2018,BA,2484515,8,54,221
25,2018,MG,3434100,9,93,449
25,2018,ES,635790,1,25,71
25,2018,RJ,2642044,3,23,192
25,2018,SP,7048092,35,246,1287
25,2018,PR,1843840,29,121,450
25,2018,SC,1167513,3,37,138
25,2018,RS,1735938,6,81,195
25,2018,MS,455215,0,5,74
25,2018,MT,582810,0,0,9
25,2018,GO,1167702,6,80,190
25,2018,DF,503498,3,49,136
25,2019,RO,313666,1,5,33
25,2019,AC,160451,0,0,9
25,2019,AM,765680,-1,8,18
25,2019,RR,119368,-1,0,4
25,2019,PA,1575715,1,21,92
25,2019,AP,161178,-1,0,1
25,2019,TO,280473,0,0,8
25,2019,MA,1274840,1,32,82
25,2019,PI,555705,0,5,34
25,2019,CE,1638359,3,9,68
25,2019,RN,596624,-1,17,38
25,2019,PB,666060,0,2,17
25,2019,PE,1593880,7,17,143
25,2019,AL,588851,1,17,55
25,2019,SE,408710,0,4,9
25,2019,BA,2477583,9,65,222
25,2019,MG,3418869,3,95,455
25,2019,ES,633382,0,14,68
25,2019,RJ,2645330,5,35,181
25,2019,SP,7005282,33,244,1330
25,2019,PR,1840658,16,90,474
25,2019,SC,1162178,9,47,151
25,2019,RS,1731172,6,72,218
25,2019,MS,455061,1,11,95
25,2019,MT,581627,0,1,16
25,2019,GO,1169108,10,47,171
25,2019,DF,504947,0,30,111
25,2020,RO,313593,0,3,19
25,2020,AC,163955,3,3,15
25,2020,AM,775443,-1,4,9
25,2020,RR,123977,-1,0,7
25,2020,PA,1585962,6,26,86
25,2020,AP,163812,-1,0,0
25,2020,TO,281724,0,0,6
25,2020,MA,1277257,1,20,64
25,2020,PI,553994,4,7,26
25,2020,CE,1628036,3,6,45
25,2020,RN,592212,-1,10,24
25,2020,PB,662970,0,1,5
25,2020,PE,1591829,11,31,124
25,2020,AL,592768,0,14,26
25,2020,SE,408474,0,3,11
25,2020,BA,2466610,7,65,190
25,2020,MG,3394620,6,85,327
25,2020,ES,630839,0,15,50
25,2020,RJ,2638726,1,32,151
25,2020,SP,6959603,34,209,838
25,2020,PR,1830783,9,80,318
25,2020,SC,1152650,4,32,119
25,2020,RS,1721149,6,51,145
25,2020,MS,453532,1,4,72
25,2020,MT,579414,1,1,12
25,2020,GO,1168318,6,46,147
25,2020,DF,506882,7,30,67
25,2021,RO,314507,0,3,20
25,2021,AC,167571,0,0,1
25,2021,AM,785051,-1,5,22
25,2021,RR,126328,-1,0,5
25,2021,PA,1593150,4,28,105
25,2021,AP,166846,-1,1,3
25,2021,TO,281725,0,0,4
25,2021,MA,1272448,1,27,94
25,2021,PI,554935,5,12,43
25,2021,CE,1610387,1,5,72
25,2021,RN,587168,-1,11,18
25,2021,PB,660082,1,5,31
25,2021,PE,1589633,10,41,152
25,2021,AL,595151,0,6,17
25,2021,SE,407489,0,10,13
25,2021,BA,2448888,27,75,217
25,2021,MG,3363513,7,112,382
25,2021,ES,628997,0,30,92
25,2021,RJ,2622493,3,49,201
25,2021,SP,6926424,43,231,1069
25,2021,PR,1817989,10,91,349
25,2021,SC,1139105,6,26,157
25,2021,RS,1710269,1,56,141
25,2021,MS,449946,1,10,79
25,2021,MT,575072,0,2,9
25,2021,GO,1163308,6,46,147
25,2021,DF,510537,6,40,104
25,2022,RO,313730,2,4,18
25,2022,AC,171065,0,0,9
25,2022,AM,791090,-1,7,16
25,2022,RR,126405,-1,0,7
25,2022,PA,1597536,0,50,139
25,2022,AP,169306,-1,1,2
25,2022,TO,281169,0,0,12
25,2022,MA,1263017,0,26,98
25,2022,PI,553820,3,5,29
25,2022,CE,1588390,4,9,59
25,2022,RN,581446,-1,20,35
25,2022,PB,655882,0,8,31
25,2022,PE,1582905,12,67,219
25,2022,AL,596332,0,15,25
25,2022,SE,404391,0,11,16
25,2022,BA,2425362,11,64,221
25,2022,MG,3319949,8,130,520
25,2022,ES,626276,3,19,77
25,2022,RJ,2596030,1,39,262
25,2022,SP,6881696,30,229,1304
25,2022,PR,1795597,9,112,422
25,2022,SC,1121503,5,37,155
25,2022,RS,1688353,2,43,139
25,2022,MS,444904,2,11,116
25,2022,MT,569819,1,2,18
25,2022,GO,1159543,1,61,174
25,2022,DF,513628,0,48,89
25,2023,RO,311494,1,1,19
25,2023,AC,174220,0,2,10
25,2023,AM,794251,-1,9,15
25,2023,RR,124906,-1,0,8
25,2023,PA,1600620,9,32,156
25,2023,AP,171489,-1,0,1
25,2023,TO,280621,1,1,18
25,2023,MA,1262555,0,29,127
25,2023,PI,549527,0,1,36
25,2023,CE,1561584,1,9,79
25,2023,RN,575863,-1,27,38
25,2023,PB,650171,0,6,23
25,2023,PE,1574986,7,55,256
25,2023,AL,595490,0,17,32
25,2023,SE,400865,0,14,16
25,2023,BA,2401660,9,76,254
25,2023,MG,3270422,11,130,659
25,2023,ES,623785,0,11,95
25,2023,RJ,2565365,2,46,380
25,2023,SP,6833462,32,221,1444
25,2023,PR,1766506,11,92,425
25,2023,SC,1102449,16,62,249
25,2023,RS,1660223,5,64,156
25,2023,MS,440284,4,24,139
25,2023,MT,565062,0,1,20
25,2023,GO,1155672,14,72,228
25,2023,DF,516222,3,61,132
25,2024,RO,308697,0,2,25
25,2024,AC,176543,0,0,10
25,2024,AM,794011,-1,1,19
25,2024,RR,123078,-1,0,9
25,2024,PA,1601503,6,42,225
25,2024,AP,172962,-1,0,3
25,2024,TO,279455,1,1,18
25,2024,MA,1263426,1,36,107
25,2024,PI,543956,2,3,34
25,2024,CE,1529765,5,14,63
25,2024,RN,569638,-1,19,35
25,2024,PB,643565,3,11,42
25,2024,PE,1564743,6,50,233
25,2024,AL,591534,0,10,41
25,2024,SE,396500,0,19,29
25,2024,BA,2374256,16,85,286
25,2024,MG,3215096,11,127,755
25,2024,ES,620755,0,15,101
25,2024,RJ,2531193,10,60,491
25,2024,SP,6781715,30,254,1573
25,2024,PR,1733144,8,88,381
25,2024,SC,1083968,3,65,239
25,2024,RS,1631318,0,68,160
25,2024,MS,436192,3,12,142
25,2024,MT,561467,1,5,37
25,2024,GO,1149609,6,63,202
25,2024,DF,517867,3,32,86
25,2025,RO,305743,0,7,18
25,2025,AC,178615,0,0,5
25,2025,AM,793493,-1,1,9
25,2025,RR,120762,-1,0,1
25,2025,PA,1598655,1,16,60
25,2025,AP,173329,-1,0,2
25,2025,TO,278039,0,0,8
25,2025,MA,1261867,1,17,38
25,2025,PI,538856,0,1,13
25,2025,CE,1497928,3,11,51
25,2025,RN,563948,-1,8,16
25,2025,PB,637387,0,5,13
25,2025,PE,1551142,1,27,125
25,2025,AL,585517,0,5,14
25,2025,SE,391403,0,5,13
25,2025,BA,2342412,9,55,154
25,2025,MG,3154842,5,66,387
25,2025,ES,616180,0,8,53
25,2025,RJ,2488568,3,29,198
25,2025,SP,6721900,10,95,677
25,2025,PR,1701675,1,41,188
25,2025,SC,1066732,3,31,204
25,2025,RS,1602394,2,23,63
25,2025,MS,432258,0,8,77
25,2025,MT,559729,0,1,8
25,2025,GO,1141627,0,13,64
25,2025,DF,518771,1,22,57
35,2010,RO,252719,0,0,5
35,2010,AC,108247,0,0,2
35,2010,AM,524904,0,3,45
35,2010,RR,67556,0,0,2
35,2010,PA,1146615,1,10,85
35,2010,AP,103265,-1,0,2
35,2010,TO,212595,0,0,18
35,2010,MA,916209,0,48,89
35,2010,PI,459980,5,14,93
35,2010,CE,1251167,7,30,162
35,2010,RN,483160,0,23,67
35,2010,PB,565679,0,0,76
35,2010,PE,1370670,0,48,174
35,2010,AL,464660,2,16,30
35,2010,SE,323180,0,8,24
35,2010,BA,2182789,13,110,472
35,2010,MG,3053083,11,102,419
35,2010,ES,565772,0,53,102
35,2010,RJ,2547522,16,30,163
35,2010,SP,6830587,60,363,1428
35,2010,PR,1645648,12,89,294
35,2010,SC,994996,12,45,135
35,2010,RS,1574875,2,82,290
35,2010,MS,387102,1,17,66
35,2010,MT,507718,1,1,21
35,2010,GO,1018791,6,41,143
35,2010,DF,471568,3,22,171
35,2011,RO,258970,0,0,3
35,2011,AC,112075,0,3,9
35,2011,AM,543239,0,0,38
35,2011,RR,70660,0,0,1
35,2011,PA,1181904,1,26,83
35,2011,AP,107356,-1,0,4
35,2011,TO,218889,0,0,19
35,2011,MA,944750,0,38,65
35,2011,PI,469731,11,15,66
35,2011,CE,1276104,9,21,148
35,2011,RN,493947,1,21,56
35,2011,PB,576541,0,2,32
35,2011,PE,1393966,0,44,186
35,2011,AL,472965,1,26,43
35,2011,SE,330533,0,31,41
35,2011,BA,2236469,26,113,503
35,2011,MG,3104710,12,119,472
35,2011,ES,580194,0,44,107
35,2011,RJ,2583084,20,26,183
35,2011,SP,6958138,78,430,1539
35,2011,PR,1659418,5,84,330
35,2011,SC,1016258,13,40,142
35,2011,RS,1594208,5,85,226
35,2011,MS,394579,1,13,76
35,2011,MT,518207,0,0,20
35,2011,GO,1042720,9,78,185
35,2011,DF,486231,8,28,198
35,2012,RO,265549,0,0,3
35,2012,AC,116011,0,0,5
35,2012,AM,561688,0,1,4
35,2012,RR,73937,0,0,3
35,2012,PA,1217924,0,18,121
35,2012,AP,111482,-1,0,2
35,2012,TO,225238,0,0,38
35,2012,MA,974643,0,53,172
35,2012,PI,479344,7,7,65
35,2012,CE,1302957,12,35,169
35,2012,RN,506056,0,14,40
35,2012,PB,587809,0,2,17
35,2012,PE,1417217,5,65,243
35,2012,AL,481426,0,32,58
35,2012,SE,338267,0,33,41
35,2012,BA,2293257,10,118,578
35,2012,MG,3160155,14,139,486
35,2012,ES,595407,0,58,113
35,2012,RJ,2620234,11,31,191
35,2012,SP,7094056,71,410,1493
35,2012,PR,1674896,12,87,289
35,2012,SC,1040976,12,34,152
35,2012,RS,1619355,2,47,176
35,2012,MS,402421,0,15,75
35,2012,MT,528963,1,10,65
35,2012,GO,1066820,5,67,167
35,2012,DF,501045,6,27,172
35,2013,RO,272217,1,8,22
35,2013,AC,119880,0,0,2
35,2013,AM,579670,0,14,18
35,2013,RR,77235,0,0,4
35,2013,PA,1253516,0,8,68
35,2013,AP,115597,-1,0,0
35,2013,TO,231412,0,0,45
35,2013,MA,1004726,1,40,92
35,2013,PI,488499,3,4,67
35,2013,CE,1331092,9,28,155
35,2013,RN,519049,1,28,63
35,2013,PB,598982,2,5,14
35,2013,PE,1439768,7,58,217
35,2013,AL,489594,1,38,72
35,2013,SE,346118,0,13,24
35,2013,BA,2348737,22,114,596
35,2013,MG,3215875,13,152,558
35,2013,ES,610668,0,63,107
35,2013,RJ,2655654,8,24,166
35,2013,SP,7229867,48,402,1514
35,2013,PR,1691061,10,143,416
35,2013,SC,1067748,22,53,187
35,2013,RS,1647160,2,64,162
35,2013,MS,410278,0,26,100
35,2013,MT,539561,1,3,90
35,2013,GO,1090374,14,86,191
35,2013,DF,515096,0,5,118
35,2014,RO,278615,0,1,18
35,2014,AC,123444,0,0,7
35,2014,AM,596354,0,10,25
35,2014,RR,80325,0,0,1
35,2014,PA,1286987,0,11,64
35,2014,AP,119646,-1,0,0
35,2014,TO,237076,0,0,19
35,2014,MA,1033308,0,38,56
35,2014,PI,496765,10,13,57
35,2014,CE,1359510,12,37,174
35,2014,RN,532243,1,29,46
35,2014,PB,609312,1,1,13
35,2014,PE,1460681,14,67,200
35,2014,AL,496792,0,45,67
35,2014,SE,353682,1,24,36
35,2014,BA,2396309,11,91,483
35,2014,MG,3266700,6,163,545
35,2014,ES,624925,0,39,81
35,2014,RJ,2684618,2,46,131
35,2014,SP,7353368,51,479,1587
35,2014,PR,1706257,23,129,373
35,2014,SC,1094429,4,41,210
35,2014,RS,1672836,5,56,169
35,2014,MS,417630,0,15,64
35,2014,MT,549373,1,4,104
35,2014,GO,1112353,5,63,259
35,2014,DF,527064,0,6,152
35,2015,RO,284507,1,2,18
35,2015,AC,126547,0,0,4
35,2015,AM,611255,0,17,24
35,2015,RR,83218,0,0,1
35,2015,PA,1317241,0,23,68
35,2015,AP,123593,-1,0,2
35,2015,TO,242025,0,0,16
35,2015,MA,1059227,1,29,103
35,2015,PI,503837,14,20,61
35,2015,CE,1387456,6,26,130
35,2015,RN,545108,0,10,34
35,2015,PB,618274,0,7,15
35,2015,PE,1479280,12,64,200
35,2015,AL,502594,1,34,57
35,2015,SE,360688,0,27,40
35,2015,BA,2431800,11,91,462
35,2015,MG,3309251,8,143,535
35,2015,ES,637460,0,23,62
35,2015,RJ,2704211,4,59,181
35,2015,SP,7456294,49,476,1526
35,2015,PR,1719447,20,111,354
35,2015,SC,1119528,15,64,192
35,2015,RS,1693233,5,88,220
35,2015,MS,424153,0,8,77
35,2015,MT,558007,1,1,64
35,2015,GO,1132118,8,60,257
35,2015,DF,536125,2,19,132
35,2016,RO,289806,1,1,41
35,2016,AC,129210,0,0,10
35,2016,AM,624458,0,18,41
35,2016,RR,86179,0,1,2
35,2016,PA,1344325,0,20,83
35,2016,AP,127426,-1,0,1
35,2016,TO,246248,0,0,4
35,2016,MA,1082292,1,46,88
35,2016,PI,509639,2,6,67
35,2016,CE,1414650,8,21,175
35,2016,RN,557594,0,27,51
35,2016,PB,625814,1,10,22
35,2016,PE,1495525,3,48,174
35,2016,AL,506995,1,42,112
35,2016,SE,367130,0,21,29
35,2016,BA,2455366,27,83,397
35,2016,MG,3343683,20,139,517
35,2016,ES,648223,0,20,67
35,2016,RJ,2715038,2,48,146
35,2016,SP,7539762,34,445,1670
35,2016,PR,1730850,22,131,397
35,2016,SC,1143054,14,78,215
35,2016,RS,1708793,1,91,229
35,2016,MS,429825,1,29,97
35,2016,MT,565461,0,5,23
35,2016,GO,1149696,13,81,224
35,2016,DF,542549,5,25,160
35,2017,RO,294370,0,0,53
35,2017,AC,131425,0,0,11
35,2017,AM,635957,0,14,37
35,2017,RR,91195,0,0,7
35,2017,PA,1368151,4,19,81
35,2017,AP,131157,-1,0,0
35,2017,TO,249669,0,0,11
35,2017,MA,1102246,3,30,113
35,2017,PI,514096,2,4,38
35,2017,CE,1440778,6,15,107
35,2017,RN,569671,0,26,55
35,2017,PB,631759,0,10,21
35,2017,PE,1509380,6,55,194
35,2017,AL,509875,4,49,111
35,2017,SE,372975,0,13,17
35,2017,BA,2466324,32,119,419
35,2017,MG,3369482,8,146,505
35,2017,ES,657115,2,47,86
35,2017,RJ,2717138,9,61,182
35,2017,SP,7604582,74,441,1785
35,2017,PR,1740364,22,147,365
35,2017,SC,1164866,15,58,201
35,2017,RS,1719433,9,99,223
35,2017,MS,434560,2,22,117
35,2017,MT,571653,1,2,24
35,2017,GO,1165042,10,103,262
35,2017,DF,546499,5,52,150
35,2018,RO,298274,2,3,49
35,2018,AC,133285,2,2,20
35,2018,AM,646097,0,13,37
35,2018,RR,98802,0,0,2
35,2018,PA,1388836,0,11,96
35,2018,AP,134769,-1,0,0
35,2018,TO,252467,0,0,10
35,2018,MA,1118631,2,44,91
35,2018,PI,517065,4,11,60
35,2018,CE,1465174,12,28,126
35,2018,RN,580708,0,20,46
35,2018,PB,636154,0,3,16
35,2018,PE,1520417,9,40,183
35,2018,AL,511502,4,36,121
35,2018,SE,378106,0,25,30
35,2018,BA,2466196,33,139,364
35,2018,MG,3387539,8,125,504
35,2018,ES,664027,1,27,58
35,2018,RJ,2712207,10,71,239
35,2018,SP,7648266,52,435,1856
35,2018,PR,1748471,45,183,475
35,2018,SC,1184433,6,49,161
35,2018,RS,1725413,10,103,232
35,2018,MS,438504,5,28,106
35,2018,MT,576726,1,2,17
35,2018,GO,1178350,16,97,242
35,2018,DF,548205,3,66,155
35,2019,RO,301668,2,7,45
35,2019,AC,134950,1,1,9
35,2019,AM,655453,0,23,39
35,2019,RR,106474,0,0,3
35,2019,PA,1406724,2,33,124
35,2019,AP,138244,-1,0,2
35,2019,TO,254956,0,0,11
35,2019,MA,1130955,2,38,133
35,2019,PI,518358,6,14,64
35,2019,CE,1486986,6,24,114
35,2019,RN,589878,1,16,53
35,2019,PB,639151,0,10,23
35,2019,PE,1528091,9,46,195
35,2019,AL,512330,0,35,86
35,2019,SE,382394,0,15,25
35,2019,BA,2457907,33,129,404
35,2019,MG,3399739,11,158,477
35,2019,ES,668900,0,26,63
35,2019,RJ,2703286,10,62,249
35,2019,SP,7668262,64,468,1878
35,2019,PR,1756049,25,108,380
35,2019,SC,1201239,23,84,254
35,2019,RS,1727663,10,125,260
35,2019,MS,441919,4,34,116
35,2019,MT,580961,0,0,23
35,2019,GO,1189982,15,99,278
35,2019,DF,548141,2,79,187
35,2020,RO,304646,0,5,20
35,2020,AC,136541,1,1,9
35,2020,AM,664468,0,15,38
35,2020,RR,113277,0,0,4
35,2020,PA,1422139,16,54,128
35,2020,AP,141581,-1,0,0
35,2020,TO,257329,1,1,16
35,2020,MA,1138984,2,34,97
35,2020,PI,517885,1,6,36
35,2020,CE,1505610,5,18,82
35,2020,RN,596648,0,17,35
35,2020,PB,640844,0,14,18
35,2020,PE,1532137,9,46,150
35,2020,AL,512668,1,27,37
35,2020,SE,385773,0,12,20
35,2020,BA,2443543,23,113,290
35,2020,MG,3407383,18,187,383
35,2020,ES,671766,1,33,74
35,2020,RJ,2692631,5,42,181
35,2020,SP,7664143,59,389,1342
35,2020,PR,1763597,30,138,309
35,2020,SC,1214966,14,75,186
35,2020,RS,1726904,5,85,184
35,2020,MS,444991,3,19,76
35,2020,MT,584540,5,5,20
35,2020,GO,1200260,15,88,228
35,2020,DF,546707,2,41,97
35,2021,RO,307157,1,2,23
35,2021,AC,138045,0,0,3
35,2021,AM,672957,0,6,28
35,2021,RR,119030,0,0,6
35,2021,PA,1434996,9,73,132
35,2021,AP,144735,-1,4,11
35,2021,TO,259597,0,0,11
35,2021,MA,1143513,5,36,138
35,2021,PI,516227,6,14,55
35,2021,CE,1521301,1,13,68
35,2021,RN,601114,0,29,50
35,2021,PB,641541,0,10,23
35,2021,PE,1533129,18,88,217
35,2021,AL,512806,3,22,35
35,2021,SE,388300,0,21,26
35,2021,BA,2424029,27,151,331
35,2021,MG,3410222,18,180,451
35,2021,ES,672524,0,37,99
35,2021,RJ,2679120,12,75,212
35,2021,SP,7633027,37,331,1285
35,2021,PR,1770906,28,154,362
35,2021,SC,1225010,12,48,198
35,2021,RS,1722760,5,117,222
35,2021,MS,447598,5,21,120
35,2021,MT,587246,0,2,17
35,2021,GO,1208592,27,98,204
35,2021,DF,543887,3,44,106
35,2022,RO,309133,1,2,17
35,2022,AC,139437,1,1,10
35,2022,AM,680663,1,10,21
35,2022,RR,123536,0,0,5
35,2022,PA,1445065,7,116,210
35,2022,AP,147646,-1,1,6
35,2022,TO,261745,0,0,6
35,2022,MA,1145101,0,55,141
35,2022,PI,513897,6,18,67
35,2022,CE,1534154,1,8,72
35,2022,RN,603260,0,35,41
35,2022,PB,641569,0,12,32
35,2022,PE,1531393,21,87,252
35,2022,AL,512989,0,30,41
35,2022,SE,389962,0,21,25
35,2022,BA,2400225,26,163,343
35,2022,MG,3408010,47,223,587
35,2022,ES,670981,1,27,110
35,2022,RJ,2661377,11,78,342
35,2022,SP,7570367,34,383,1656
35,2022,PR,1777798,18,165,403
35,2022,SC,1230573,16,73,221
35,2022,RS,1714715,14,142,268
35,2022,MS,449660,5,29,179
35,2022,MT,588835,0,3,12
35,2022,GO,1214330,23,96,237
35,2022,DF,539613,0,58,122
35,2023,RO,310690,0,0,21
35,2023,AC,140903,0,0,4
35,2023,AM,688301,1,9,18
35,2023,RR,126447,0,0,4
35,2023,PA,1453578,10,98,201
35,2023,AP,150411,-1,2,7
35,2023,TO,263860,0,0,14
35,2023,MA,1144871,2,50,155
35,2023,PI,511120,5,14,64
35,2023,CE,1544409,2,17,95
35,2023,RN,603495,0,40,68
35,2023,PB,640972,0,11,28
35,2023,PE,1527980,11,88,246
35,2023,AL,513581,0,21,36
35,2023,SE,391089,0,19,29
35,2023,BA,2374720,27,169,353
35,2023,MG,3402333,50,246,713
35,2023,ES,667874,0,41,134
35,2023,RJ,2642927,4,100,368
35,2023,SP,7488595,48,398,1859
35,2023,PR,1784308,22,182,504
35,2023,SC,1232758,18,104,281
35,2023,RS,1704710,5,122,213
35,2023,MS,451297,4,38,297
35,2023,MT,589580,1,2,15
35,2023,GO,1218261,23,109,284
35,2023,DF,534797,4,79,150
35,2024,RO,311962,1,9,38
35,2024,AC,142670,0,0,15
35,2024,AM,696919,0,2,19
35,2024,RR,128397,1,1,9
35,2024,PA,1462439,11,113,287
35,2024,AP,153182,-1,1,5
35,2024,TO,266009,0,3,33
35,2024,MA,1144632,1,56,146
35,2024,PI,508229,2,7,50
35,2024,CE,1552655,2,17,97
35,2024,RN,602619,0,47,71
35,2024,PB,639808,2,22,50
35,2024,PE,1524603,14,91,242
35,2024,AL,515100,0,22,49
35,2024,SE,392188,0,31,44
35,2024,BA,2351208,25,179,427
35,2024,MG,3395558,33,286,945
35,2024,ES,664295,0,25,132
35,2024,RJ,2628800,11,105,655
35,2024,SP,7406520,54,449,2044
35,2024,PR,1790488,19,146,440
35,2024,SC,1233328,16,129,318
35,2024,RS,1695718,8,122,235
35,2024,MS,452701,3,15,240
35,2024,MT,589859,1,13,41
35,2024,GO,1221495,20,98,299
35,2024,DF,530682,8,65,141
35,2025,RO,313019,2,10,21
35,2025,AC,144912,0,0,0
35,2025,AM,707100,0,1,9
35,2025,RR,130195,0,0,2
35,2025,PA,1472742,0,15,56
35,2025,AP,156055,-1,0,1
35,2025,TO,268228,1,1,8
35,2025,MA,1145450,0,15,32
35,2025,PI,505447,0,4,20
35,2025,CE,1559110,2,12,53
35,2025,RN,601113,0,21,33
35,2025,PB,638135,0,7,27
35,2025,PE,1522268,4,48,112
35,2025,AL,517799,0,9,18
35,2025,SE,393572,0,6,12
35,2025,BA,2331859,13,106,217
35,2025,MG,3388989,23,109,422
35,2025,ES,660981,0,18,62
35,2025,RJ,2621879,6,45,299
35,2025,SP,7336473,18,169,836
35,2025,PR,1796187,9,81,230
35,2025,SC,1233369,6,68,194
35,2025,RS,1689486,2,53,93
35,2025,MS,453969,3,15,96
35,2025,MT,589917,0,1,17
35,2025,GO,1224735,8,38,116
35,2025,DF,528138,0,24,54
45,2010,RO,198773,0,0,9
45,2010,AC,72322,0,0,8
45,2010,AM,353792,0,7,34
45,2010,RR,47395,0,0,1
45,2010,PA,799143,2,19,84
45,2010,AP,67027,-1,0,0
45,2010,TO,158298,1,1,40
45,2010,MA,669838,0,61,85
45,2010,PI,364156,7,17,108
45,2010,CE,1034271,10,43,247
45,2010,RN,411557,1,37,67
45,2010,PB,464461,0,0,65
45,2010,PE,1093941,2,71,230
45,2010,AL,359586,2,31,73
45,2010,SE,253262,2,21,44
45,2010,BA,1707742,49,202,745
45,2010,MG,2704638,21,159,558
45,2010,ES,479091,0,102,140
45,2010,RJ,2275477,32,47,333
45,2010,SP,5810371,165,678,2173
45,2010,PR,1486618,21,161,408
45,2010,SC,917632,15,41,163
45,2010,RS,1554184,4,118,355
45,2010,MS,327524,0,11,61
45,2010,MT,403167,0,1,37
45,2010,GO,813005,15,101,193
45,2010,DF,349338,16,68,315
45,2011,RO,203941,0,0,9
45,2011,AC,75105,0,4,16
45,2011,AM,366688,0,0,26
45,2011,RR,48926,0,0,2
45,2011,PA,825663,0,62,131
45,2011,AP,70422,-1,0,0
45,2011,TO,162797,1,1,42
45,2011,MA,683217,0,58,83
45,2011,PI,369470,11,16,87
45,2011,CE,1053219,19,39,225
45,2011,RN,419635,1,61,101
45,2011,PB,473488,1,1,27
45,2011,PE,1116745,2,75,252
45,2011,AL,367505,0,39,68
45,2011,SE,260227,0,59,68
45,2011,BA,1739478,44,191,745
45,2011,MG,2724480,21,177,626
45,2011,ES,485035,0,69,173
45,2011,RJ,2283966,30,50,344
45,2011,SP,5879103,118,638,2310
45,2011,PR,1504887,4,170,429
45,2011,SC,928311,15,63,207
45,2011,RS,1545404,8,125,321
45,2011,MS,332920,3,19,91
45,2011,MT,412807,0,1,26
45,2011,GO,835406,25,127,225
45,2011,DF,360645,11,58,292
45,2012,RO,208699,0,0,9
45,2012,AC,77949,1,3,5
45,2012,AM,379815,1,2,5
45,2012,RR,50452,0,2,2
45,2012,PA,852875,1,32,147
45,2012,AP,74003,-1,0,0
45,2012,TO,167087,0,0,41
45,2012,MA,696055,1,73,212
45,2012,PI,374020,21,28,123
45,2012,CE,1068138,10,40,212
45,2012,RN,425741,0,38,61
45,2012,PB,480986,1,6,18
45,2012,PE,1138006,3,104,306
45,2012,AL,374763,1,55,113
45,2012,SE,266536,0,49,58
45,2012,BA,1768570,48,214,865
45,2012,MG,2738542,28,222,743
45,2012,ES,490224,0,87,182
45,2012,RJ,2290131,21,80,370
45,2012,SP,5943258,109,651,2280
45,2012,PR,1519060,13,149,410
45,2012,SC,935797,24,71,182
45,2012,RS,1532307,4,90,275
45,2012,MS,337643,2,28,134
45,2012,MT,421778,0,23,133
45,2012,GO,856566,15,142,249
45,2012,DF,371354,6,50,220
45,2013,RO,213214,1,9,19
45,2013,AC,80882,0,0,1
45,2013,AM,393394,1,15,17
45,2013,RR,52034,0,0,1
45,2013,PA,880869,0,29,89
45,2013,AP,77720,-1,0,1
45,2013,TO,171343,0,0,44
45,2013,MA,709169,0,48,102
45,2013,PI,378350,10,12,82
45,2013,CE,1080608,16,41,192
45,2013,RN,430553,1,49,69
45,2013,PB,487595,0,8,19
45,2013,PE,1158421,19,112,264
45,2013,AL,381616,3,71,112
45,2013,SE,272390,0,34,47
45,2013,BA,1796876,45,205,853
45,2013,MG,2750512,29,253,809
45,2013,ES,495331,0,103,151
45,2013,RJ,2296567,30,78,345
45,2013,SP,6007234,102,687,2384
45,2013,PR,1530257,10,164,442
45,2013,SC,941404,34,81,261
45,2013,RS,1517448,3,118,298
45,2013,MS,342029,0,39,150
45,2013,MT,430380,1,29,174
45,2013,GO,877018,21,148,278
45,2013,DF,381896,2,4,176
45,2014,RO,217751,0,2,25
45,2014,AC,83944,0,0,4
45,2014,AM,407769,0,15,19
45,2014,RR,53772,0,0,1
45,2014,PA,909794,1,25,93
45,2014,AP,81496,-1,0,1
45,2014,TO,175848,0,0,66
45,2014,MA,723784,0,52,89
45,2014,PI,383292,15,19,72
45,2014,CE,1093137,18,50,238
45,2014,RN,435138,0,62,91
45,2014,PB,494330,1,3,12
45,2014,PE,1179067,21,116,287
45,2014,AL,388482,10,86,133
45,2014,SE,278121,1,34,47
45,2014,BA,1827238,35,197,805
45,2014,MG,2765812,15,273,774
45,2014,ES,501341,0,74,115
45,2014,RJ,2306979,8,113,312
45,2014,SP,6077327,100,746,2423
45,2014,PR,1540251,33,219,491
45,2014,SC,947109,16,87,263
45,2014,RS,1504510,4,105,252
45,2014,MS,346566,2,27,163
45,2014,MT,439086,1,11,136
45,2014,GO,897638,13,96,311
45,2014,DF,392972,1,12,213
45,2015,RO,222492,0,0,37
45,2015,AC,87154,0,0,4
45,2015,AM,423113,0,43,59
45,2015,RR,55802,0,0,3
45,2015,PA,939727,0,41,87
45,2015,AP,85279,-1,0,0
45,2015,TO,180775,1,1,38
45,2015,MA,740702,1,56,138
45,2015,PI,389367,15,20,74
45,2015,CE,1107395,11,50,214
45,2015,RN,440240,1,24,37
45,2015,PB,501872,0,12,23
45,2015,PE,1200650,13,110,297
45,2015,AL,395652,5,82,117
45,2015,SE,283952,0,28,48
45,2015,BA,1861508,35,173,756
45,2015,MG,2787947,33,257,693
45,2015,ES,508879,0,46,84
45,2015,RJ,2323630,15,125,372
45,2015,SP,6157510,82,760,2433
45,2015,PR,1550273,25,225,518
45,2015,SC,954267,36,97,261
45,2015,RS,1495978,9,147,355
45,2015,MS,351583,3,27,156
45,2015,MT,448194,0,5,101
45,2015,GO,918949,24,125,385
45,2015,DF,404991,2,38,256
45,2016,RO,227406,0,0,55
45,2016,AC,90489,0,0,9
45,2016,AM,439323,0,56,68
45,2016,RR,58230,0,2,4
45,2016,PA,970466,3,37,89
45,2016,AP,89083,-1,0,1
45,2016,TO,186048,0,0,7
45,2016,MA,759569,5,61,98
45,2016,PI,396413,5,10,54
45,2016,CE,1123031,13,40,249
45,2016,RN,445769,0,42,66
45,2016,PB,509975,0,15,29
45,2016,PE,1222851,10,86,240
45,2016,AL,402989,2,82,188
45,2016,SE,289836,1,28,35
45,2016,BA,1898826,55,186,727
45,2016,MG,2816234,20,252,692
45,2016,ES,517862,1,58,107
45,2016,RJ,2346017,20,94,314
45,2016,SP,6247075,103,790,2722
45,2016,PR,1560139,63,263,584
45,2016,SC,962797,30,131,292
45,2016,RS,1491524,8,158,371
45,2016,MS,357038,1,39,132
45,2016,MT,457612,0,5,54
45,2016,GO,940856,30,164,381
45,2016,DF,417778,9,42,220
45,2017,RO,232481,1,2,81
45,2017,AC,93919,1,1,13
45,2017,AM,456322,0,52,72
45,2017,RR,62044,0,3,4
45,2017,PA,1001744,2,52,129
45,2017,AP,92911,-1,0,2
45,2017,TO,191630,1,1,19
45,2017,MA,780099,3,66,151
45,2017,PI,404355,8,20,83
45,2017,CE,1139904,10,33,157
45,2017,RN,451687,1,50,82
45,2017,PB,518514,0,11,32
45,2017,PE,1245438,19,89,311
45,2017,AL,410381,4,75,202
45,2017,SE,295715,0,26,31
45,2017,BA,1938332,90,250,801
45,2017,MG,2850450,17,250,698
45,2017,ES,528284,4,100,143
45,2017,RJ,2374006,30,145,364
45,2017,SP,6345487,106,801,3023
45,2017,PR,1569771,65,258,594
45,2017,SC,972694,37,82,252
45,2017,RS,1490954,13,203,421
45,2017,MS,362922,8,45,195
45,2017,MT,467297,0,5,40
45,2017,GO,963350,48,219,419
45,2017,DF,431188,2,63,192
45,2018,RO,237771,2,4,65
45,2018,AC,97445,0,0,22
45,2018,AM,473914,0,50,68
45,2018,RR,67489,0,2,3
45,2018,PA,1033706,1,54,135
45,2018,AP,96765,-1,0,0
45,2018,TO,197478,0,0,10
45,2018,MA,802525,3,64,139
45,2018,PI,413084,13,21,78
45,2018,CE,1158451,18,58,184
45,2018,RN,458375,1,47,87
45,2018,PB,527597,2,12,23
45,2018,PE,1268487,10,48,222
45,2018,AL,417964,6,56,207
45,2018,SE,301749,0,41,45
45,2018,BA,1980792,80,308,751
45,2018,MG,2890342,42,253,748
45,2018,ES,540019,1,65,103
45,2018,RJ,2406442,18,115,475
45,2018,SP,6452654,138,807,3061
45,2018,PR,1579828,74,306,677
45,2018,SC,984589,25,117,280
45,2018,RS,1495007,12,200,401
45,2018,MS,369240,5,66,203
45,2018,MT,477236,0,1,33
45,2018,GO,986257,33,186,361
45,2018,DF,445116,6,100,220
45,2019,RO,243320,1,9,70
45,2019,AC,101075,0,0,20
45,2019,AM,491797,0,44,63
45,2019,RR,73203,0,0,2
45,2019,PA,1066635,5,63,167
45,2019,AP,100663,-1,0,1
45,2019,TO,203504,0,0,9
45,2019,MA,827093,0,97,194
45,2019,PI,422363,10,16,58
45,2019,CE,1179062,20,64,190
45,2019,RN,466260,0,50,125
45,2019,PB,537336,1,32,41
45,2019,PE,1292044,10,58,276
45,2019,AL,425900,3,95,208
45,2019,SE,308144,0,33,49
45,2019,BA,2027174,80,340,811
45,2019,MG,2935046,34,282,782
45,2019,ES,552800,0,82,141
45,2019,RJ,2441285,25,134,553
45,2019,SP,6568093,138,893,3266
45,2019,PR,1591116,75,324,726
45,2019,SC,999236,52,142,360
45,2019,RS,1504395,14,258,473
45,2019,MS,375971,8,64,252
45,2019,MT,487369,0,5,34
45,2019,GO,1009321,27,198,415
45,2019,DF,459384,8,123,211
45,2020,RO,249138,0,4,14
45,2020,AC,104798,2,2,11
45,2020,AM,509712,0,23,75
45,2020,RR,78664,0,0,6
45,2020,PA,1100560,22,153,233
45,2020,AP,104610,-1,0,2
45,2020,TO,209621,0,0,11
45,2020,MA,853811,1,57,169
45,2020,PI,431993,8,14,48
45,2020,CE,1201926,7,29,119
45,2020,RN,475584,1,47,58
45,2020,PB,547738,0,29,37
45,2020,PE,1316060,34,92,220
45,2020,AL,434249,0,63,82
45,2020,SE,314999,0,32,39
45,2020,BA,2077640,64,281,593
45,2020,MG,2983615,32,324,558
45,2020,ES,566373,0,75,140
45,2020,RJ,2476855,13,150,365
45,2020,SP,6690421,125,750,2494
45,2020,PR,1604097,60,292,506
45,2020,SC,1016993,31,119,237
45,2020,RS,1519290,13,204,372
45,2020,MS,383057,2,35,164
45,2020,MT,497633,5,5,18
45,2020,GO,1032265,35,178,373
45,2020,DF,473776,3,90,133
45,2021,RO,255227,0,3,11
45,2021,AC,108594,0,0,9
45,2021,AM,527662,0,39,116
45,2021,RR,83823,0,0,2
45,2021,PA,1135237,17,164,228
45,2021,AP,108594,-1,11,24
45,2021,TO,215793,0,0,13
45,2021,MA,882178,2,102,323
45,2021,PI,441731,14,27,68
45,2021,CE,1226838,3,26,96
45,2021,RN,486246,0,75,93
45,2021,PB,558640,1,35,59
45,2021,PE,1340231,33,169,400
45,2021,AL,442841,0,48,61
45,2021,SE,322241,0,37,43
45,2021,BA,2131265,63,330,706
45,2021,MG,3035797,65,385,684
45,2021,ES,580686,0,92,192
45,2021,RJ,2513402,22,187,465
45,2021,SP,6819756,97,763,2452
45,2021,PR,1618642,58,326,554
45,2021,SC,1037890,25,92,245
45,2021,RS,1539552,11,210,377
45,2021,MS,390487,5,47,205
45,2021,MT,508049,0,5,20
45,2021,GO,1055201,49,195,378
45,2021,DF,488234,8,102,172
45,2022,RO,261631,1,4,23
45,2022,AC,112499,0,0,8
45,2022,AM,545727,1,40,62
45,2022,RR,88669,0,0,4
45,2022,PA,1170636,14,213,346
45,2022,AP,112611,-1,16,30
45,2022,TO,222019,0,0,12
45,2022,MA,911847,1,83,225
45,2022,PI,451326,8,29,96
45,2022,CE,1253589,7,16,114
45,2022,RN,498186,0,68,82
45,2022,PB,569920,1,32,87
45,2022,PE,1364306,40,173,402
45,2022,AL,451575,0,50,65
45,2022,SE,329847,0,36,43
45,2022,BA,2187877,96,348,690
45,2022,MG,3091603,102,479,1017
45,2022,ES,595750,0,87,207
45,2022,RJ,2551421,34,249,623
45,2022,SP,6957098,112,798,3189
45,2022,PR,1634814,42,331,637
45,2022,SC,1062164,49,167,357
45,2022,RS,1565477,12,211,376
45,2022,MS,398260,7,50,315
45,2022,MT,518722,1,10,26
45,2022,GO,1078304,54,203,404
45,2022,DF,502836,4,121,198
45,2023,RO,268116,0,1,20
45,2023,AC,116334,0,0,5
45,2023,AM,563350,0,42,71
45,2023,RR,93105,1,1,4
45,2023,PA,1205633,30,218,342
45,2023,AP,116620,-1,8,13
45,2023,TO,228069,2,2,15
45,2023,MA,941710,2,124,292
45,2023,PI,460474,11,29,106
45,2023,CE,1281579,8,22,130
45,2023,RN,510988,0,126,206
45,2023,PB,581103,0,22,61
45,2023,PE,1387667,35,201,397
45,2023,AL,460022,0,65,83
45,2023,SE,337571,0,45,53
45,2023,BA,2243188,87,408,821
45,2023,MG,3147599,131,558,1317
45,2023,ES,610849,2,82,214
45,2023,RJ,2587664,28,266,715
45,2023,SP,7094114,160,870,3501
45,2023,PR,1651628,53,430,791
45,2023,SC,1088443,53,179,387
45,2023,RS,1593978,15,247,412
45,2023,MS,406046,17,64,556
45,2023,MT,529236,1,5,33
45,2023,GO,1100871,53,203,505
45,2023,DF,516674,11,163,275
45,2024,RO,274339,0,12,61
45,2024,AC,119878,0,0,17
45,2024,AM,579724,0,12,64
45,2024,RR,97172,0,0,6
45,2024,PA,1238581,42,257,474
45,2024,AP,120567,-1,2,3
45,2024,TO,233628,2,4,37
45,2024,MA,970159,1,125,316
45,2024,PI,468774,8,31,96
45,2024,CE,1309871,13,53,181
45,2024,RN,523979,0,103,167
45,2024,PB,591469,3,49,90
45,2024,PE,1409387,30,238,422
45,2024,AL,467543,0,64,95
45,2024,SE,345024,1,38,47
45,2024,BA,2290837,95,463,911
45,2024,MG,3198769,118,511,1592
45,2024,ES,624948,2,78,219
45,2024,RJ,2617515,30,305,1287
45,2024,SP,7218849,148,1005,4088
45,2024,PR,1667471,58,372,800
45,2024,SC,1114613,58,307,578
45,2024,RS,1620354,19,272,445
45,2024,MS,413336,13,64,408
45,2024,MT,538985,2,36,89
45,2024,GO,1121915,50,217,529
45,2024,DF,528459,7,143,244
45,2025,RO,280075,0,29,56
45,2025,AC,122962,0,0,9
45,2025,AM,594377,0,6,18
45,2025,RR,101009,0,0,1
45,2025,PA,1268426,0,47,88
45,2025,AP,124413,-1,0,2
45,2025,TO,238497,0,0,16
45,2025,MA,996077,0,41,84
45,2025,PI,475934,2,5,34
45,2025,CE,1337721,3,23,55
45,2025,RN,536649,0,51,76
45,2025,PB,600512,2,23,46
45,2025,PE,1428826,8,132,220
45,2025,AL,473718,0,27,34
45,2025,SE,351932,0,13,17
45,2025,BA,2326778,49,281,483
45,2025,MG,3241830,69,280,681
45,2025,ES,637357,1,38,102
45,2025,RJ,2638142,20,143,636
45,2025,SP,7323179,55,446,1573
45,2025,PR,1681319,20,167,364
45,2025,SC,1139207,12,135,292
45,2025,RS,1641501,5,139,203
45,2025,MS,419807,3,24,137
45,2025,MT,547580,0,3,25
45,2025,GO,1140811,15,102,208
45,2025,DF,537378,6,64,108
55,2010,RO,127867,1,1,10
55,2010,AC,46968,0,0,12
55,2010,AM,224999,0,7,31
55,2010,RR,29925,-1,0,3
55,2010,PA,534136,1,17,89
55,2010,AP,39955,-1,0,0
55,2010,TO,106820,0,0,64
55,2010,MA,479490,0,127,150
55,2010,PI,268612,21,34,218
55,2010,CE,696684,19,58,396
55,2010,RN,264730,0,76,114
55,2010,PB,323456,0,0,41
55,2010,PE,769757,0,103,298
55,2010,AL,248562,14,75,229
55,2010,SE,166830,0,24,33
55,2010,BA,1213831,101,382,1176
55,2010,MG,2082722,43,275,1046
55,2010,ES,364522,0,182,333
55,2010,RJ,1853225,48,68,810
55,2010,SP,4483178,302,1172,3755
55,2010,PR,1095882,46,365,749
55,2010,SC,672404,18,74,200
55,2010,RS,1295432,10,278,521
55,2010,MS,232516,1,34,133
55,2010,MT,265611,0,0,32
55,2010,GO,554669,24,180,276
55,2010,DF,221554,18,86,368
55,2011,RO,133937,0,0,16
55,2011,AC,48667,0,6,16
55,2011,AM,234994,0,0,21
55,2011,RR,31419,-1,0,3
55,2011,PA,553029,2,88,222
55,2011,AP,42254,-1,0,0
55,2011,TO,110578,0,0,85
55,2011,MA,490319,0,117,133
55,2011,PI,275303,47,53,260
55,2011,CE,719850,24,57,379
55,2011,RN,276178,0,86,109
55,2011,PB,332370,0,1,30
55,2011,PE,792052,3,98,324
55,2011,AL,255124,3,81,165
55,2011,SE,172935,0,131,135
55,2011,BA,1250876,110,392,1421
55,2011,MG,2149448,53,359,1371
55,2011,ES,378139,0,156,385
55,2011,RJ,1899620,59,98,969
55,2011,SP,4617558,244,1182,4272
55,2011,PR,1131624,39,378,701
55,2011,SC,700310,27,104,228
55,2011,RS,1328460,7,255,524
55,2011,MS,241680,0,30,109
55,2011,MT,277763,0,1,18
55,2011,GO,577736,41,225,374
55,2011,DF,231963,18,65,315
55,2012,RO,140124,0,0,10
55,2012,AC,50355,0,2,6
55,2012,AM,245132,0,5,14
55,2012,RR,32963,-1,7,8
55,2012,PA,571561,9,70,218
55,2012,AP,44539,-1,0,0
55,2012,TO,114435,2,2,143
55,2012,MA,501358,2,175,320
55,2012,PI,282224,37,46,214
55,2012,CE,746161,21,53,363
55,2012,RN,289517,0,53,74
55,2012,PB,342667,3,6,24
55,2012,PE,816181,13,183,446
55,2012,AL,261850,2,116,242
55,2012,SE,179396,0,101,108
55,2012,BA,1288587,68,413,1596
55,2012,MG,2214441,43,354,1402
55,2012,ES,390929,1,174,339
55,2012,RJ,1943803,62,178,1108
55,2012,SP,4747456,214,1210,4538
55,2012,PR,1167534,25,359,667
55,2012,SC,728722,33,115,236
55,2012,RS,1360633,11,208,516
55,2012,MS,251015,5,57,239
55,2012,MT,290110,2,45,171
55,2012,GO,601252,33,267,403
55,2012,DF,242773,7,76,265
55,2013,RO,146372,0,11,23
55,2013,AC,52081,0,0,2
55,2013,AM,255436,0,53,60
55,2013,RR,34535,-1,0,2
55,2013,PA,590116,4,63,173
55,2013,AP,46839,-1,0,1
55,2013,TO,118414,1,1,153
55,2013,MA,512751,1,98,164
55,2013,PI,289311,23,26,164
55,2013,CE,774772,17,60,380
55,2013,RN,304112,3,72,103
55,2013,PB,354043,4,19,38
55,2013,PE,841690,24,176,420
55,2013,AL,268882,5,159,286
55,2013,SE,186214,0,80,90
55,2013,BA,1326745,74,394,1758
55,2013,MG,2276575,47,450,1442
55,2013,ES,402893,0,189,233
55,2013,RJ,1984827,64,214,901
55,2013,SP,4871663,187,1255,4991
55,2013,PR,1203289,38,395,775
55,2013,SC,756973,45,157,427
55,2013,RS,1390666,4,241,543
55,2013,MS,260328,9,62,339
55,2013,MT,302523,5,31,216
55,2013,GO,625136,29,266,499
55,2013,DF,253953,4,11,165
55,2014,RO,152608,1,9,89
55,2014,AC,53922,0,0,3
55,2014,AM,265945,0,49,59
55,2014,RR,36105,-1,0,0
55,2014,PA,609312,2,44,150
55,2014,AP,49204,-1,0,0
55,2014,TO,122561,0,0,121
55,2014,MA,524700,0,112,209
55,2014,PI,296467,28,32,129
55,2014,CE,804323,35,103,481
55,2014,RN,318977,0,72,99
55,2014,PB,366000,0,5,26
55,2014,PE,867885,39,207,467
55,2014,AL,276426,8,191,312
55,2014,SE,193376,0,86,104
55,2014,BA,1365084,78,343,1855
55,2014,MG,2334406,37,507,1650
55,2014,ES,414090,1,176,228
55,2014,RJ,2021393,28,234,813
55,2014,SP,4988694,201,1361,5150
55,2014,PR,1238443,51,402,760
55,2014,SC,784102,34,145,345
55,2014,RS,1416696,10,239,629
55,2014,MS,269361,1,42,372
55,2014,MT,314822,0,20,229
55,2014,GO,649281,46,234,642
55,2014,DF,265455,7,25,259
55,2015,RO,158772,0,0,124
55,2015,AC,55944,0,0,1
55,2015,AM,276697,1,87,106
55,2015,RR,37667,-1,0,1
55,2015,PA,629544,1,76,119
55,2015,AP,51674,-1,0,0
55,2015,TO,126890,0,0,72
55,2015,MA,537320,1,71,151
55,2015,PI,303624,25,32,105
55,2015,CE,833818,14,53,330
55,2015,RN,333426,0,40,63
55,2015,PB,378169,0,44,62
55,2015,PE,894272,43,187,535
55,2015,AL,284572,14,185,276
55,2015,SE,200853,0,52,83
55,2015,BA,1403390,57,314,1648
55,2015,MG,2387007,46,558,1477
55,2015,ES,424552,6,112,180
55,2015,RJ,2052828,47,282,946
55,2015,SP,5097742,222,1503,5380
55,2015,PR,1272603,66,449,778
55,2015,SC,809426,57,188,423
55,2015,RS,1437569,13,319,756
55,2015,MS,277930,4,58,420
55,2015,MT,326878,2,5,179
55,2015,GO,673580,50,215,595
55,2015,DF,277220,7,65,292
55,2016,RO,164870,0,0,135
55,2016,AC,58124,0,0,18
55,2016,AM,287671,0,110,138
55,2016,RR,39285,-1,2,6
55,2016,PA,650761,5,59,130
55,2016,AP,54235,-1,0,2
55,2016,TO,131402,0,0,17
55,2016,MA,550598,4,148,226
55,2016,PI,310769,11,20,75
55,2016,CE,863387,33,80,478
55,2016,RN,347506,0,63,96
55,2016,PB,390599,0,26,39
55,2016,PE,920892,21,128,462
55,2016,AL,293269,20,178,352
55,2016,SE,208625,0,61,69
55,2016,BA,1441717,110,403,1714
55,2016,MG,2434634,43,488,1325
55,2016,ES,434291,1,139,232
55,2016,RJ,2079392,30,239,836
55,2016,SP,5198965,190,1519,6107
55,2016,PR,1305691,83,570,972
55,2016,SC,833031,59,242,449
55,2016,RS,1453566,15,368,908
55,2016,MS,286050,1,86,312
55,2016,MT,338696,0,6,116
55,2016,GO,697968,49,279,558
55,2016,DF,289255,8,72,297
55,2017,RO,170936,0,0,203
55,2017,AC,60465,0,0,14
55,2017,AM,298866,0,121,159
55,2017,RR,41351,-1,1,4
55,2017,PA,672997,5,77,228
55,2017,AP,56875,-1,0,2
55,2017,TO,136143,1,1,26
55,2017,MA,564625,3,131,325
55,2017,PI,317951,12,24,74
55,2017,CE,893247,12,41,270
55,2017,RN,361273,1,81,126
55,2017,PB,403382,0,40,62
55,2017,PE,947802,21,162,622
55,2017,AL,302540,8,186,393
55,2017,SE,216743,0,54,58
55,2017,BA,1480331,139,503,1947
55,2017,MG,2477654,52,491,1372
55,2017,ES,443385,3,187,256
55,2017,RJ,2101234,69,281,932
55,2017,SP,5292513,289,1644,6219
55,2017,PR,1337769,106,629,1121
55,2017,SC,855037,58,146,431
55,2017,RS,1464907,30,450,1013
55,2017,MS,293730,3,95,381
55,2017,MT,350281,1,8,106
55,2017,GO,722432,55,389,661
55,2017,DF,301618,12,140,379
55,2018,RO,176857,2,6,149
55,2018,AC,62942,0,0,19
55,2018,AM,310308,1,122,173
55,2018,RR,43994,-1,1,3
55,2018,PA,696199,5,84,246
55,2018,AP,59625,-1,0,0
55,2018,TO,140979,1,1,7
55,2018,MA,579017,2,142,379
55,2018,PI,324944,27,38,93
55,2018,CE,922084,45,95,364
55,2018,RN,374205,0,77,145
55,2018,PB,415974,0,17,36
55,2018,PE,974513,41,123,567
55,2018,AL,312029,10,170,428
55,2018,SE,224918,0,75,80
55,2018,BA,1518366,168,640,2036
55,2018,MG,2515628,71,553,1765
55,2018,ES,451772,2,211,292
55,2018,RJ,2119054,74,362,1306
55,2018,SP,5379202,289,1805,6776
55,2018,PR,1367890,186,693,1225
55,2018,SC,874904,51,201,459
55,2018,RS,1471525,39,507,1001
55,2018,MS,300908,20,121,522
55,2018,MT,361500,1,3,69
55,2018,GO,746628,51,411,719
55,2018,DF,314058,4,231,430
55,2019,RO,182509,12,30,187
55,2019,AC,65514,0,0,16
55,2019,AM,322042,1,104,171
55,2019,RR,46749,-1,0,3
55,2019,PA,720203,13,154,308
55,2019,AP,62535,-1,0,1
55,2019,TO,145718,1,1,4
55,2019,MA,593173,1,168,418
55,2019,PI,331425,20,41,99
55,2019,CE,948101,27,108,317
55,2019,RN,385663,0,83,220
55,2019,PB,427606,3,50,75
55,2019,PE,1000348,36,145,699
55,2019,AL,321191,7,217,412
55,2019,SE,232748,0,80,90
55,2019,BA,1554528,177,671,1994
55,2019,MG,2547954,104,654,1765
55,2019,ES,459363,0,144,301
55,2019,RJ,2133945,100,400,1446
55,2019,SP,5460241,307,1845,7064
55,2019,PR,1394700,147,768,1408
55,2019,SC,891910,67,307,610
55,2019,RS,1473399,36,648,1185
55,2019,MS,307497,21,158,599
55,2019,MT,372177,3,8,26
55,2019,GO,770017,101,446,843
55,2019,DF,326184,7,269,447
55,2020,RO,187808,1,1,36
55,2020,AC,68151,2,2,10
55,2020,AM,334110,1,54,123
55,2020,RR,49390,-1,0,2
55,2020,PA,744926,28,228,324
55,2020,AP,65619,-1,0,1
55,2020,TO,150266,0,0,15
55,2020,MA,606803,6,109,400
55,2020,PI,337244,11,30,75
55,2020,CE,970299,6,24,164
55,2020,RN,395294,0,71,102
55,2020,PB,437849,0,54,68
55,2020,PE,1024936,55,159,461
55,2020,AL,329709,0,138,185
55,2020,SE,239996,0,63,72
55,2020,BA,1588187,131,538,1322
55,2020,MG,2574686,60,665,1070
55,2020,ES,466161,1,138,214
55,2020,RJ,2146886,46,335,855
55,2020,SP,5536927,264,1647,5012
55,2020,PR,1417434,101,683,993
55,2020,SC,905736,77,300,525
55,2020,RS,1470842,20,478,852
55,2020,MS,313471,18,89,381
55,2020,MT,382241,12,12,43
55,2020,GO,792324,72,388,768
55,2020,DF,337786,2,151,219
55,2021,RO,192771,3,7,19
55,2021,AC,70868,1,1,6
55,2021,AM,346484,0,75,143
55,2021,RR,51923,-1,0,3
55,2021,PA,770362,32,310,417
55,2021,AP,68879,-1,25,41
55,2021,TO,154643,1,1,11
55,2021,MA,620024,10,213,725
55,2021,PI,342439,36,59,106
55,2021,CE,988893,14,52,195
55,2021,RN,403149,0,129,153
55,2021,PB,446772,0,69,93
55,2021,PE,1048240,52,337,815
55,2021,AL,337644,0,113,156
55,2021,SE,246685,0,86,101
55,2021,BA,1619550,153,768,1941
55,2021,MG,2596125,164,932,1456
55,2021,ES,472263,2,207,324
55,2021,RJ,2157851,96,603,1387
55,2021,SP,5609381,227,1522,4667
55,2021,PR,1436303,166,859,1260
55,2021,SC,916541,97,258,503
55,2021,RS,1464130,29,593,1137
55,2021,MS,318852,16,89,540
55,2021,MT,391714,1,8,46
55,2021,GO,813578,111,435,829
55,2021,DF,348896,7,144,218
55,2022,RO,197360,0,6,31
55,2022,AC,73635,0,0,11
55,2022,AM,359092,1,69,117
55,2022,RR,54307,-1,0,3
55,2022,PA,796447,24,480,809
55,2022,AP,72318,-1,37,56
55,2022,TO,158820,0,0,17
55,2022,MA,632764,4,245,508
55,2022,PI,346927,17,43,109
55,2022,CE,1003750,13,50,210
55,2022,RN,409142,0,170,215
55,2022,PB,454275,0,73,249
55,2022,PE,1070073,81,425,1032
55,2022,AL,344963,0,151,175
55,2022,SE,252773,0,103,119
55,2022,BA,1648426,192,792,1728
55,2022,MG,2612008,256,1126,2256
55,2022,ES,477624,3,238,497
55,2022,RJ,2166535,111,626,1675
55,2022,SP,5677191,296,1827,7008
55,2022,PR,1451241,117,975,1596
55,2022,SC,924266,87,396,679
55,2022,RS,1453263,19,496,994
55,2022,MS,323603,32,155,803
55,2022,MT,400566,1,25,55
55,2022,GO,833674,80,456,878
55,2022,DF,359437,3,263,350
55,2023,RO,201728,0,1,28
55,2023,AC,76486,0,0,7
55,2023,AM,372145,0,75,132
55,2023,RR,56600,-1,0,5
55,2023,PA,823289,63,540,718
55,2023,AP,75890,-1,8,32
55,2023,TO,162970,3,3,26
55,2023,MA,645806,4,256,593
55,2023,PI,351228,22,45,126
55,2023,CE,1016348,19,72,264
55,2023,RN,413924,0,249,585
55,2023,PB,460958,4,78,246
55,2023,PE,1091080,65,447,898
55,2023,AL,351915,0,158,208
55,2023,SE,258438,3,105,121
55,2023,BA,1676590,208,958,1910
55,2023,MG,2625860,369,1269,2766
55,2023,ES,482889,0,203,425
55,2023,RJ,2175426,106,751,1951
55,2023,SP,5744625,367,1964,7475
55,2023,PR,1463320,135,1090,1846
55,2023,SC,930162,99,419,772
55,2023,RS,1440687,19,529,929
55,2023,MS,328036,32,141,1154
55,2023,MT,409070,0,8,33
55,2023,GO,853118,109,470,1004
55,2023,DF,369822,15,414,548
55,2024,RO,206122,3,38,148
55,2024,AC,79461,1,2,23
55,2024,AM,385968,0,25,183
55,2024,RR,58976,-1,0,6
55,2024,PA,851044,82,631,1051
55,2024,AP,79509,-1,2,6
55,2024,TO,167354,1,9,44
55,2024,MA,660283,1,224,498
55,2024,PI,356124,11,46,128
55,2024,CE,1029038,26,127,345
55,2024,RN,418498,0,213,502
55,2024,PB,467779,1,109,207
55,2024,PE,1112285,52,546,989
55,2024,AL,358897,0,172,252
55,2024,SE,264007,0,108,123
55,2024,BA,1706782,240,1138,2095
55,2024,MG,2642908,354,1312,3526
55,2024,ES,489017,2,156,421
55,2024,RJ,2188072,112,851,3083
55,2024,SP,5817792,361,2228,9204
55,2024,PR,1474244,130,993,1694
55,2024,SC,936138,77,723,1116
55,2024,RS,1429921,18,603,1009
55,2024,MS,332617,12,103,759
55,2024,MT,417689,0,86,178
55,2024,GO,872765,69,481,1163
55,2024,DF,380738,15,340,520
55,2025,RO,210723,2,57,80
55,2025,AC,82581,0,0,8
55,2025,AM,400725,1,16,58
55,2025,RR,61577,-1,0,0
55,2025,PA,879797,1,115,212
55,2025,AP,83144,-1,6,7
55,2025,TO,172149,0,0,27
55,2025,MA,676969,0,80,136
55,2025,PI,362113,6,22,49
55,2025,CE,1043407,6,41,91
55,2025,RN,423582,0,109,212
55,2025,PB,475374,1,54,84
55,2025,PE,1134365,8,242,438
55,2025,AL,366186,2,79,98
55,2025,SE,269693,0,49,57
55,2025,BA,1740781,95,537,866
55,2025,MG,2666501,188,638,1587
55,2025,ES,496607,2,68,178
55,2025,RJ,2206635,72,395,1437
55,2025,SP,5900563,149,1040,3705
55,2025,PR,1485200,40,394,754
55,2025,SC,943495,36,310,482
55,2025,RS,1423344,16,341,475
55,2025,MS,337651,10,49,324
55,2025,MT,426699,0,4,22
55,2025,GO,893100,31,200,408
55,2025,DF,392572,7,130,183
65,2010,RO,68273,0,0,4
65,2010,AC,27184,0,0,31
65,2010,AM,122801,0,5,17
65,2010,RR,15264,0,0,2
65,2010,PA,312864,2,12,139
65,2010,AP,20258,0,0,2
65,2010,TO,66065,1,1,124
65,2010,MA,313648,0,171,197
65,2010,PI,178820,41,51,403
65,2010,CE,479439,25,74,820
65,2010,RN,182160,0,97,126
65,2010,PB,234284,3,3,35
65,2010,PE,515221,3,103,360
65,2010,AL,158718,14,99,465
65,2010,SE,104296,0,20,28
65,2010,BA,787669,158,461,2020
65,2010,MG,1274263,79,282,1727
65,2010,ES,202112,0,217,441
65,2010,RJ,1145519,88,106,1747
65,2010,SP,2681434,417,1337,5710
65,2010,PR,676305,70,437,874
65,2010,SC,385774,18,70,199
65,2010,RS,819735,17,313,666
65,2010,MS,136847,1,36,185
65,2010,MT,145776,1,1,48
65,2010,GO,328420,39,207,323
65,2010,DF,119580,13,57,349
65,2011,RO,71340,1,1,63
65,2011,AC,28274,0,8,37
65,2011,AM,128180,0,0,13
65,2011,RR,16202,0,0,0
65,2011,PA,324508,6,82,237
65,2011,AP,21247,0,0,1
65,2011,TO,68523,0,0,203
65,2011,MA,320879,0,129,151
65,2011,PI,183406,48,55,499
65,2011,CE,492433,50,85,852
65,2011,RN,187559,0,90,129
65,2011,PB,239366,2,7,29
65,2011,PE,528998,6,135,447
65,2011,AL,163826,0,90,384
65,2011,SE,108226,0,116,119
65,2011,BA,810365,103,438,2628
65,2011,MG,1325266,71,331,2501
65,2011,ES,212871,1,181,417
65,2011,RJ,1190849,99,140,2145
65,2011,SP,2802823,376,1400,6342
65,2011,PR,704365,47,498,859
65,2011,SC,407177,36,110,221
65,2011,RS,853124,20,265,754
65,2011,MS,142551,9,51,229
65,2011,MT,152694,1,6,14
65,2011,GO,342767,68,285,559
65,2011,DF,126755,22,66,339
65,2012,RO,74739,0,0,22
65,2012,AC,29414,0,5,19
65,2012,AM,133998,0,1,15
65,2012,RR,17201,0,3,7
65,2012,PA,336926,14,72,281
65,2012,AP,22349,0,0,1
65,2012,TO,71180,1,1,353
65,2012,MA,328854,1,183,349
65,2012,PI,188439,38,44,450
65,2012,CE,506425,38,73,837
65,2012,RN,192854,1,68,89
65,2012,PB,244808,3,14,59
65,2012,PE,543567,29,189,541
65,2012,AL,169169,2,132,442
65,2012,SE,112331,1,124,131
65,2012,BA,833768,132,541,3282
65,2012,MG,1380265,71,431,2569
65,2012,ES,224878,4,220,447
65,2012,RJ,1239554,60,184,2254
65,2012,SP,2932829,337,1390,7409
65,2012,PR,734203,40,452,853
65,2012,SC,430191,37,98,250
65,2012,RS,888213,9,234,744
65,2012,MS,148769,5,74,585
65,2012,MT,160137,3,20,206
65,2012,GO,358133,71,327,523
65,2012,DF,134523,9,78,270
65,2013,RO,78452,0,14,47
65,2013,AC,30614,0,0,3
65,2013,AM,140277,1,50,50
65,2013,RR,18254,0,0,0
65,2013,PA,350206,0,53,264
65,2013,AP,23596,0,0,1
65,2013,TO,73997,2,2,401
65,2013,MA,337407,1,89,141
65,2013,PI,193772,28,32,388
65,2013,CE,520887,42,105,794
65,2013,RN,198048,0,70,113
65,2013,PB,250398,5,18,47
65,2013,PE,558737,50,176,538
65,2013,AL,174673,9,156,401
65,2013,SE,116559,1,105,119
65,2013,BA,858154,141,547,3695
65,2013,MG,1438692,58,459,2559
65,2013,ES,237900,1,253,330
65,2013,RJ,1290611,81,285,1836
65,2013,SP,3069218,302,1560,9083
65,2013,PR,765378,48,547,963
65,2013,SC,454353,39,126,435
65,2013,RS,924372,4,308,1013
65,2013,MS,155436,7,102,770
65,2013,MT,168103,4,27,247
65,2013,GO,374400,39,271,545
65,2013,DF,142731,2,10,140
65,2014,RO,82454,2,5,232
65,2014,AC,31889,0,0,7
65,2014,AM,147021,0,36,48
65,2014,RR,19347,0,0,0
65,2014,PA,364428,0,41,141
65,2014,AP,25021,0,0,0
65,2014,TO,76912,0,0,304
65,2014,MA,346284,0,128,294
65,2014,PI,199177,39,47,255
65,2014,CE,535036,32,93,957
65,2014,RN,203154,0,105,125
65,2014,PB,255813,0,4,26
65,2014,PE,574259,85,206,677
65,2014,AL,180226,8,187,441
65,2014,SE,120845,2,90,119
65,2014,BA,883930,110,434,4349
65,2014,MG,1499693,62,591,2839
65,2014,ES,251574,1,186,258
65,2014,RJ,1342696,48,321,1511
65,2014,SP,3208950,295,1696,9967
65,2014,PR,797259,91,573,1006
65,2014,SC,478966,48,198,430
65,2014,RS,960759,6,259,1239
65,2014,MS,162441,1,45,794
65,2014,MT,176592,2,14,228
65,2014,GO,391380,53,218,724
65,2014,DF,151134,4,20,204
65,2015,RO,86729,0,0,353
65,2015,AC,33230,0,0,5
65,2015,AM,154224,0,109,127
65,2015,RR,20488,0,0,4
65,2015,PA,379605,3,58,100
65,2015,AP,26626,0,0,0
65,2015,TO,79886,0,0,175
65,2015,MA,355314,0,106,207
65,2015,PI,204516,38,43,207
65,2015,CE,548532,23,73,671
65,2015,RN,208263,0,37,63
65,2015,PB,260922,0,41,72
65,2015,PE,590050,80,217,810
65,2015,AL,185782,8,168,286
65,2015,SE,125156,0,64,102
65,2015,BA,911353,89,368,3693
65,2015,MG,1562610,88,578,2398
65,2015,ES,265638,5,129,223
65,2015,RJ,1394872,73,420,1962
65,2015,SP,3349922,325,1721,10486
65,2015,PR,829454,79,616,1092
65,2015,SC,503621,48,185,414
65,2015,RS,996817,15,395,1516
65,2015,MS,169710,0,60,971
65,2015,MT,185594,0,5,248
65,2015,GO,408951,107,295,853
65,2015,DF,159605,14,89,247
65,2016,RO,91258,0,0,290
65,2016,AC,34658,3,3,19
65,2016,AM,161888,0,120,166
65,2016,RR,21683,0,1,1
65,2016,PA,395704,10,49,173
65,2016,AP,28416,0,0,2
65,2016,TO,82932,0,0,36
65,2016,MA,364527,2,178,276
65,2016,PI,209839,16,18,96
65,2016,CE,561512,22,69,841
65,2016,RN,213416,2,60,96
65,2016,PB,265793,0,24,38
65,2016,PE,606122,32,148,870
65,2016,AL,191344,17,169,480
65,2016,SE,129512,1,79,88
65,2016,BA,940302,178,508,3532
65,2016,MG,1627091,72,576,2206
65,2016,ES,280040,8,151,260
65,2016,RJ,1446900,56,338,1841
65,2016,SP,3491694,358,1928,12723
65,2016,PR,861862,119,759,1396
65,2016,SC,528273,59,242,446
65,2016,RS,1032310,16,353,1664
65,2016,MS,177234,3,68,665
65,2016,MT,195068,0,8,336
65,2016,GO,427111,91,391,711
65,2016,DF,168159,17,69,454
65,2017,RO,96003,3,3,476
65,2017,AC,36193,4,4,15
65,2017,AM,170038,0,131,204
65,2017,RR,23051,1,1,5
65,2017,PA,412773,5,79,375
65,2017,AP,30388,0,0,1
65,2017,TO,86032,2,2,73
65,2017,MA,373931,4,134,473
65,2017,PI,215119,21,27,129
65,2017,CE,573764,15,46,523
65,2017,RN,218509,1,49,96
65,2017,PB,270337,0,41,62
65,2017,PE,622334,30,146,1078
65,2017,AL,196909,13,171,527
65,2017,SE,133887,0,74,81
65,2017,BA,970708,228,602,3873
65,2017,MG,1692683,59,526,2418
65,2017,ES,294716,4,226,336
65,2017,RJ,1498391,120,394,2182
65,2017,SP,3633571,478,2156,12968
65,2017,PR,894243,166,826,1491
65,2017,SC,552710,44,151,394
65,2017,RS,1066809,30,504,2110
65,2017,MS,184956,4,76,691
65,2017,MT,204984,1,11,297
65,2017,GO,445825,102,440,806
65,2017,DF,176768,13,121,485
65,2018,RO,100962,3,10,364
65,2018,AC,37792,2,2,36
65,2018,AM,178561,1,106,168
65,2018,RR,24664,0,1,1
65,2018,PA,430422,4,73,343
65,2018,AP,32477,0,0,2
65,2018,TO,89214,0,0,9
65,2018,MA,383513,1,176,781
65,2018,PI,220458,41,52,115
65,2018,CE,586550,51,99,703
65,2018,RN,224160,3,91,164
65,2018,PB,275101,1,28,40
65,2018,PE,639232,47,108,1016
65,2018,AL,202547,28,180,505
65,2018,SE,138408,1,92,95
65,2018,BA,1002443,325,864,4682
65,2018,MG,1758732,111,666,3969
65,2018,ES,309371,1,224,350
65,2018,RJ,1548931,202,575,3175
65,2018,SP,3774342,581,2385,14905
65,2018,PR,926812,292,1128,1926
65,2018,SC,577237,36,207,431
65,2018,RS,1100483,43,628,1859
65,2018,MS,192884,23,126,1062
65,2018,MT,215302,1,1,221
65,2018,GO,465080,129,504,925
65,2018,DF,185523,12,167,481
65,2019,RO,106098,7,17,393
65,2019,AC,39417,1,1,20
65,2019,AM,187310,1,104,237
65,2019,RR,26356,0,0,1
65,2019,PA,448097,25,150,485
65,2019,AP,34600,1,1,2
65,2019,TO,92504,0,0,13
65,2019,MA,393305,1,190,629
65,2019,PI,226027,23,41,95
65,2019,CE,601749,44,119,504
65,2019,RN,231241,1,59,339
65,2019,PB,280867,3,40,70
65,2019,PE,657601,54,152,1366
65,2019,AL,208372,18,216,521
65,2019,SE,143241,0,83,94
65,2019,BA,1035275,347,934,4801
65,2019,MG,1824472,164,912,3467
65,2019,ES,323645,1,191,429
65,2019,RJ,1598070,181,570,3496
65,2019,SP,3912644,654,2461,15526
65,2019,PR,959969,270,1163,2384
65,2019,SC,602402,68,304,629
65,2019,RS,1133771,57,823,2093
65,2019,MS,201055,27,172,1286
65,2019,MT,225983,3,13,50
65,2019,GO,484924,177,500,1065
65,2019,DF,194595,17,219,554
65,2020,RO,111424,2,6,77
65,2020,AC,41027,3,3,16
65,2020,AM,196193,0,61,162
65,2020,RR,28083,0,0,3
65,2020,PA,465485,57,265,481
65,2020,AP,36706,0,0,0
65,2020,TO,95910,1,1,8
65,2020,MA,403320,6,128,884
65,2020,PI,231922,25,48,102
65,2020,CE,620413,9,43,295
65,2020,RN,240232,0,71,103
65,2020,PB,288099,1,51,65
65,2020,PE,677871,88,184,838
65,2020,AL,214457,0,143,216
65,2020,SE,148493,0,54,62
65,2020,BA,1068998,237,671,2570
65,2020,MG,1889214,92,842,1365
65,2020,ES,337291,1,148,292
65,2020,RJ,1645437,96,439,1660
65,2020,SP,4047400,391,1896,10313
65,2020,PR,993908,196,1059,1602
65,2020,SC,628481,78,281,454
65,2020,RS,1166751,24,640,1406
65,2020,MS,209470,10,83,801
65,2020,MT,236968,3,3,46
65,2020,GO,505330,114,435,944
65,2020,DF,204089,4,132,205
65,2021,RO,116883,0,0,9
65,2021,AC,42629,0,0,4
65,2021,AM,205235,0,56,151
65,2021,RR,29802,0,0,2
65,2021,PA,482648,93,385,592
65,2021,AP,38802,0,31,57
65,2021,TO,99421,1,1,6
65,2021,MA,413573,8,272,1321
65,2021,PI,238063,26,39,110
65,2021,CE,642086,20,51,242
65,2021,RN,250944,0,142,220
65,2021,PB,296616,1,83,107
65,2021,PE,699830,82,406,1386
65,2021,AL,220761,1,115,210
65,2021,SE,154116,0,105,122
65,2021,BA,1103474,258,903,3815
65,2021,MG,1952646,275,1123,1931
65,2021,ES,350257,1,208,397
65,2021,RJ,1690811,207,898,3190
65,2021,SP,4178222,410,1904,9623
65,2021,PR,1028312,250,1247,2027
65,2021,SC,655188,74,300,542
65,2021,RS,1199082,28,736,2067
65,2021,MS,218073,20,140,1127
65,2021,MT,248207,2,13,126
65,2021,GO,526250,170,512,1092
65,2021,DF,213977,8,139,220
65,2022,RO,122462,1,7,36
65,2022,AC,44219,0,0,7
65,2022,AM,214423,0,73,188
65,2022,RR,31518,0,1,8
65,2022,PA,499535,31,500,1295
65,2022,AP,40894,0,15,60
65,2022,TO,103027,1,2,13
65,2022,MA,424055,3,328,777
65,2022,PI,244418,33,48,129
65,2022,CE,666597,12,49,259
65,2022,RN,263343,0,159,252
65,2022,PB,306360,2,83,520
65,2022,PE,723378,109,480,1811
65,2022,AL,227232,0,151,177
65,2022,SE,160064,0,103,124
65,2022,BA,1138509,324,1013,3320
65,2022,MG,2014547,519,1547,3895
65,2022,ES,362485,2,266,627
65,2022,RJ,1734171,252,1098,4260
65,2022,SP,4304866,562,2483,16164
65,2022,PR,1062926,220,1434,2786
65,2022,SC,682411,112,387,690
65,2022,RS,1230670,31,785,2432
65,2022,MS,226852,56,235,1810
65,2022,MT,259634,0,23,99
65,2022,GO,547603,162,494,1170
65,2022,DF,224245,24,299,457
65,2023,RO,128099,1,1,26
65,2023,AC,45848,0,0,4
65,2023,AM,223779,1,88,237
65,2023,RR,33211,0,0,2
65,2023,PA,516479,112,769,1219
65,2023,AP,42995,0,20,47
65,2023,TO,106750,1,2,17
65,2023,MA,434872,4,272,855
65,2023,PI,250917,22,45,132
65,2023,CE,693170,21,72,362
65,2023,RN,276863,0,242,1226
65,2023,PB,317067,1,85,437
65,2023,PE,748126,81,590,1794
65,2023,AL,233987,2,169,299
65,2023,SE,166348,0,102,117
65,2023,BA,1173956,400,1304,3810
65,2023,MG,2073866,650,1834,4880
65,2023,ES,373967,3,190,600
65,2023,RJ,1774640,210,1266,4704
65,2023,SP,4426180,614,2561,16730
65,2023,PR,1097433,263,1627,3364
65,2023,SC,709504,119,502,927
65,2023,RS,1260292,39,914,2247
65,2023,MS,235620,56,237,2598
65,2023,MT,271147,1,13,58
65,2023,GO,569312,181,573,1544
65,2023,DF,234866,24,383,640
65,2024,RO,133735,1,27,299
65,2024,AC,47584,1,1,28
65,2024,AM,233327,1,43,619
65,2024,RR,34872,0,0,1
65,2024,PA,534046,92,914,1807
65,2024,AP,45170,0,4,12
65,2024,TO,110623,1,8,48
65,2024,MA,446193,7,266,634
65,2024,PI,257484,38,59,142
65,2024,CE,720551,36,149,517
65,2024,RN,290623,1,257,1094
65,2024,PB,328288,7,139,302
65,2024,PE,773471,62,590,1623
65,2024,AL,241212,1,171,381
65,2024,SE,172942,1,147,168
65,2024,BA,1209622,520,1671,4409
65,2024,MG,2129259,783,2035,6615
65,2024,ES,384736,3,188,690
65,2024,RJ,1811038,281,1501,7465
65,2024,SP,4540752,668,3112,23090
65,2024,PR,1131396,226,1703,3306
65,2024,SC,735528,103,1116,1664
65,2024,RS,1286192,33,1091,2292
65,2024,MS,244130,43,181,1776
65,2024,MT,282568,0,86,194
65,2024,GO,591275,142,551,1597
65,2024,DF,245782,45,357,736
65,2025,RO,139311,2,55,89
65,2025,AC,49483,0,0,5
65,2025,AM,243106,1,35,164
65,2025,RR,36515,0,0,2
65,2025,PA,552580,2,239,496
65,2025,AP,47440,0,9,11
65,2025,TO,114664,1,1,25
65,2025,MA,458109,0,78,157
65,2025,PI,264043,3,13,41
65,2025,CE,747834,13,49,109
65,2025,RN,303991,0,106,338
65,2025,PB,339694,5,70,88
65,2025,PE,798983,19,320,582
65,2025,AL,248993,2,79,130
65,2025,SE,179824,0,45,55
65,2025,BA,1245360,178,717,1490
65,2025,MG,2179883,328,961,3044
65,2025,ES,394817,1,88,304
65,2025,RJ,1842754,171,726,3175
65,2025,SP,4647855,323,1447,9049
65,2025,PR,1164421,84,668,1368
65,2025,SC,759837,30,521,786
65,2025,RS,1307287,22,502,833
65,2025,MS,252211,17,77,755
65,2025,MT,293784,0,7,52
65,2025,GO,613405,53,230,599
65,2025,DF,256934,15,135,268
75,2010,RO,33737,0,0,2
75,2010,AC,13768,0,0,31
75,2010,AM,62031,0,5,20
75,2010,RR,6816,-1,0,1
75,2010,PA,160134,0,2,99
75,2010,AP,10027,0,0,0
75,2010,TO,36948,-1,0,170
75,2010,MA,180001,0,107,132
75,2010,PI,105691,27,33,433
75,2010,CE,286752,29,55,961
75,2010,RN,104044,0,36,77
75,2010,PB,142352,1,1,49
75,2010,PE,290633,0,50,276
75,2010,AL,83056,11,46,351
75,2010,SE,55583,0,19,29
75,2010,BA,447902,156,340,2242
75,2010,MG,733178,53,191,2119
75,2010,ES,114431,1,115,297
75,2010,RJ,654499,73,90,2284
75,2010,SP,1476999,307,847,5733
75,2010,PR,362879,40,276,745
75,2010,SC,197887,11,37,143
75,2010,RS,455339,8,190,511
75,2010,MS,74113,1,20,175
75,2010,MT,70927,0,0,46
75,2010,GO,172616,35,142,250
75,2010,DF,57689,9,32,270
75,2011,RO,34783,0,0,55
75,2011,AC,14275,1,10,26
75,2011,AM,64156,0,0,9
75,2011,RR,7085,-1,0,0
75,2011,PA,165965,4,58,163
75,2011,AP,10563,0,0,1
75,2011,TO,38159,-1,0,192
75,2011,MA,184436,0,66,92
75,2011,PI,107620,42,46,473
75,2011,CE,294076,37,57,954
75,2011,RN,107323,0,51,102
75,2011,PB,145885,0,1,37
75,2011,PE,298245,5,68,316
75,2011,AL,85695,2,64,288
75,2011,SE,57180,0,89,94
75,2011,BA,461013,77,262,2850
75,2011,MG,755097,62,243,2954
75,2011,ES,117938,0,103,393
75,2011,RJ,667586,68,86,2574
75,2011,SP,1519176,292,844,6496
75,2011,PR,375971,35,268,596
75,2011,SC,206023,22,56,158
75,2011,RS,468012,7,160,675
75,2011,MS,76930,2,25,246
75,2011,MT,74152,0,0,6
75,2011,GO,179789,52,197,458
75,2011,DF,61017,10,37,308
75,2012,RO,35877,0,0,16
75,2012,AC,14865,0,1,8
75,2012,AM,66462,0,4,14
75,2012,RR,7385,-1,0,1
75,2012,PA,172286,16,57,218
75,2012,AP,11148,0,0,1
75,2012,TO,39375,-1,0,406
75,2012,MA,188697,4,125,249
75,2012,PI,109598,28,29,421
75,2012,CE,301454,33,64,818
75,2012,RN,110682,1,39,71
75,2012,PB,149420,1,2,40
75,2012,PE,306210,21,87,465
75,2012,AL,88512,2,51,254
75,2012,SE,58923,1,86,92
75,2012,BA,474829,116,337,3302
75,2012,MG,777112,54,276,2927
75,2012,ES,121538,1,118,353
75,2012,RJ,681039,63,143,2676
75,2012,SP,1563037,254,857,7460
75,2012,PR,389496,27,259,605
75,2012,SC,214455,21,46,145
75,2012,RS,481105,5,133,713
75,2012,MS,79805,1,48,619
75,2012,MT,77496,2,21,181
75,2012,GO,186983,67,231,401
75,2012,DF,64403,6,37,164
75,2013,RO,37036,0,3,29
75,2013,AC,15518,1,1,5
75,2013,AM,68923,0,19,21
75,2013,RR,7718,-1,0,0
75,2013,PA,178959,1,35,188
75,2013,AP,11754,1,1,5
75,2013,TO,40611,-1,0,493
75,2013,MA,192826,0,46,98
75,2013,PI,111632,19,19,370
75,2013,CE,308917,35,60,826
75,2013,RN,114184,0,39,83
75,2013,PB,152930,4,13,30
75,2013,PE,314540,51,126,453
75,2013,AL,91493,4,77,278
75,2013,SE,60824,0,46,54
75,2013,BA,489250,85,300,3684
75,2013,MG,799853,42,263,2761
75,2013,ES,125345,0,115,191
75,2013,RJ,695843,69,177,2060
75,2013,SP,1610494,257,912,9074
75,2013,PR,403705,34,345,716
75,2013,SC,223452,32,71,397
75,2013,RS,495217,11,161,916
75,2013,MS,82754,2,43,858
75,2013,MT,80972,1,7,201
75,2013,GO,194264,40,178,383
75,2013,DF,67889,4,10,88
75,2014,RO,38277,0,2,162
75,2014,AC,16207,0,0,9
75,2014,AM,71516,0,15,23
75,2014,RR,8095,-1,0,0
75,2014,PA,185780,0,15,113
75,2014,AP,12348,0,0,1
75,2014,TO,41888,-1,0,370
75,2014,MA,196873,0,72,220
75,2014,PI,113763,31,36,262
75,2014,CE,316624,34,66,962
75,2014,RN,117990,0,46,59
75,2014,PB,156472,2,8,18
75,2014,PE,323350,89,143,565
75,2014,AL,94627,5,78,307
75,2014,SE,62902,0,42,74
75,2014,BA,504222,74,285,4630
75,2014,MG,824212,46,373,2979
75,2014,ES,129504,0,79,183
75,2014,RJ,713363,40,187,1617
75,2014,SP,1664265,260,978,9739
75,2014,PR,418951,93,381,716
75,2014,SC,233411,13,87,262
75,2014,RS,511174,9,138,1256
75,2014,MS,85798,0,20,894
75,2014,MT,84597,0,6,217
75,2014,GO,201755,29,118,605
75,2014,DF,71559,3,11,127
75,2015,RO,39616,0,0,260
75,2015,AC,16924,0,0,4
75,2015,AM,74228,0,45,56
75,2015,RR,8527,-1,0,1
75,2015,PA,192661,0,41,97
75,2015,AP,12908,0,0,7
75,2015,TO,43231,-1,0,174
75,2015,MA,200922,0,55,110
75,2015,PI,116055,33,35,214
75,2015,CE,324782,17,30,637
75,2015,RN,122192,1,21,53
75,2015,PB,160125,2,13,43
75,2015,PE,332776,110,157,787
75,2015,AL,97905,4,78,178
75,2015,SE,65177,1,33,52
75,2015,BA,519769,76,236,3523
75,2015,MG,850850,55,342,2402
75,2015,ES,134140,1,62,147
75,2015,RJ,734455,72,235,1889
75,2015,SP,1726109,238,960,9804
75,2015,PR,435472,57,426,793
75,2015,SC,244596,30,96,240
75,2015,RS,529461,9,211,1337
75,2015,MS,88961,2,31,1090
75,2015,MT,88393,0,0,249
75,2015,GO,209572,67,160,638
75,2015,DF,75476,7,39,125
75,2016,RO,41065,0,0,231
75,2016,AC,17663,1,1,15
75,2016,AM,77092,0,47,81
75,2016,RR,9021,-1,0,0
75,2016,PA,199647,5,17,153
75,2016,AP,13451,0,0,1
75,2016,TO,44640,-1,0,35
75,2016,MA,205006,0,102,182
75,2016,PI,118487,8,12,88
75,2016,CE,333347,26,41,814
75,2016,RN,126757,1,28,53
75,2016,PB,163887,1,19,32
75,2016,PE,342815,44,87,835
75,2016,AL,101344,11,78,259
75,2016,SE,67632,0,37,45
75,2016,BA,535887,127,270,2976
75,2016,MG,879658,73,290,2196
75,2016,ES,139247,5,100,211
75,2016,RJ,758844,36,261,1807
75,2016,SP,1795478,299,1044,11121
75,2016,PR,453204,86,497,1073
75,2016,SC,256945,32,128,283
75,2016,RS,549880,13,175,1481
75,2016,MS,92253,0,53,731
75,2016,MT,92395,1,6,330
75,2016,GO,217752,55,214,451
75,2016,DF,79645,10,44,338
75,2017,RO,42630,0,0,347
75,2017,AC,18415,0,0,15
75,2017,AM,80109,3,45,105
75,2017,RR,9610,-1,1,4
75,2017,PA,206724,5,31,259
75,2017,AP,13982,0,0,0
75,2017,TO,46121,-1,0,62
75,2017,MA,209141,4,77,359
75,2017,PI,121028,20,27,104
75,2017,CE,342273,13,23,422
75,2017,RN,131697,0,31,52
75,2017,PB,167753,0,11,26
75,2017,PE,353480,34,96,1061
75,2017,AL,104942,3,75,322
75,2017,SE,70266,0,29,33
75,2017,BA,552553,212,393,3401
75,2017,MG,910526,70,340,2304
75,2017,ES,144793,3,147,229
75,2017,RJ,786361,85,283,2231
75,2017,SP,1871973,369,1226,11649
75,2017,PR,472083,143,617,1230
75,2017,SC,270413,33,85,227
75,2017,RS,572325,21,291,1954
75,2017,MS,95673,7,66,750
75,2017,MT,96603,0,3,356
75,2017,GO,226323,71,256,527
75,2017,DF,84062,6,80,435
75,2018,RO,44353,3,4,266
75,2018,AC,19200,2,2,22
75,2018,AM,83356,0,52,119
75,2018,RR,10302,-1,0,1
75,2018,PA,214101,2,30,222
75,2018,AP,14543,0,0,0
75,2018,TO,47702,-1,0,10
75,2018,MA,213555,2,103,597
75,2018,PI,123785,37,41,112
75,2018,CE,351685,40,64,578
75,2018,RN,136842,0,34,82
75,2018,PB,171773,3,15,29
75,2018,PE,364781,38,74,1087
75,2018,AL,108724,8,90,332
75,2018,SE,73069,0,61,67
75,2018,BA,569837,290,528,3789
75,2018,MG,944099,77,348,3695
75,2018,ES,151026,0,133,270
75,2018,RJ,817116,136,375,3160
75,2018,SP,1956071,403,1256,13658
75,2018,PR,492278,253,772,1461
75,2018,SC,285127,27,110,229
75,2018,RS,596737,25,358,1734
75,2018,MS,99328,20,82,1024
75,2018,MT,101105,3,3,193
75,2018,GO,235460,106,319,702
75,2018,DF,88824,8,93,419
75,2019,RO,46302,1,4,283
75,2019,AC,20021,2,2,18
75,2019,AM,86945,0,39,134
75,2019,RR,11065,-1,0,4
75,2019,PA,222067,16,67,323
75,2019,AP,15167,0,0,0
75,2019,TO,49444,-1,0,14
75,2019,MA,218538,4,122,410
75,2019,PI,126883,21,31,84
75,2019,CE,361670,23,62,379
75,2019,RN,141907,1,33,281
75,2019,PB,175998,1,26,52
75,2019,PE,376681,37,72,1310
75,2019,AL,112722,15,87,213
75,2019,SE,76028,0,37,46
75,2019,BA,587783,287,608,4055
75,2019,MG,981175,81,440,2807
75,2019,ES,158253,0,90,263
75,2019,RJ,851126,153,410,3572
75,2019,SP,2048176,477,1420,14378
75,2019,PR,513985,209,793,1898
75,2019,SC,301225,32,152,356
75,2019,RS,622984,43,530,1701
75,2019,MS,103358,24,92,1208
75,2019,MT,105998,0,2,24
75,2019,GO,245376,130,324,795
75,2019,DF,94047,9,109,409
75,2020,RO,48488,0,2,49
75,2020,AC,20904,5,5,12
75,2020,AM,90937,0,23,88
75,2020,RR,11871,-1,0,1
75,2020,PA,230811,34,117,263
75,2020,AP,15892,0,0,1
75,2020,TO,51374,-1,0,11
75,2020,MA,224247,2,51,542
75,2020,PI,130369,20,27,73
75,2020,CE,372233,11,34,265
75,2020,RN,146715,1,30,48
75,2020,PB,180419,3,30,38
75,2020,PE,389124,34,80,555
75,2020,AL,116942,3,69,144
75,2020,SE,79117,0,29,40
75,2020,BA,606441,209,398,1854
75,2020,MG,1022133,60,427,912
75,2020,ES,166643,0,58,140
75,2020,RJ,888202,93,273,1539
75,2020,SP,2148136,317,1028,9051
75,2020,PR,537275,122,590,1061
75,2020,SC,318719,54,147,267
75,2020,RS,650898,20,328,1046
75,2020,MS,107848,18,52,658
75,2020,MT,111343,2,2,49
75,2020,GO,256194,64,225,640
75,2020,DF,99777,6,61,99
75,2021,RO,50924,0,0,2
75,2021,AC,21841,0,0,5
75,2021,AM,95306,0,27,74
75,2021,RR,12726,-1,0,1
75,2021,PA,240279,47,163,278
75,2021,AP,16720,0,20,33
75,2021,TO,53469,-1,0,6
75,2021,MA,230590,6,137,843
75,2021,PI,134193,16,26,87
75,2021,CE,383369,14,27,207
75,2021,RN,151324,0,71,145
75,2021,PB,185025,0,44,64
75,2021,PE,402070,54,190,896
75,2021,AL,121373,1,68,134
75,2021,SE,82342,0,44,51
75,2021,BA,625745,226,518,2586
75,2021,MG,1066594,224,594,1386
75,2021,ES,176110,1,72,217
75,2021,RJ,928041,216,625,2909
75,2021,SP,2255254,329,1039,8629
75,2021,PR,562051,236,760,1538
75,2021,SC,337554,48,133,283
75,2021,RS,680302,30,400,1770
75,2021,MS,112763,25,79,1005
75,2021,MT,117125,6,8,84
75,2021,GO,267840,129,304,767
75,2021,DF,105989,10,59,136
75,2022,RO,53608,0,2,30
75,2022,AC,22824,0,0,9
75,2022,AM,100048,0,28,152
75,2022,RR,13610,-1,0,4
75,2022,PA,250428,19,214,870
75,2022,AP,17645,0,10,32
75,2022,TO,55723,-1,0,12
75,2022,MA,237531,1,129,330
75,2022,PI,138341,14,19,82
75,2022,CE,395187,19,35,179
75,2022,RN,155781,0,87,165
75,2022,PB,189847,0,53,410
75,2022,PE,415519,60,243,1309
75,2022,AL,126006,0,60,84
75,2022,SE,85714,0,53,61
75,2022,BA,645622,262,580,2704
75,2022,MG,1114268,481,995,3065
75,2022,ES,186610,1,103,395
75,2022,RJ,970384,224,717,4112
75,2022,SP,2368999,495,1586,15425
75,2022,PR,588301,165,990,2495
75,2022,SC,357711,60,197,384
75,2022,RS,711055,27,458,2362
75,2022,MS,118092,45,132,1509
75,2022,MT,123338,1,8,52
75,2022,GO,280294,91,254,846
75,2022,DF,112675,11,140,246
75,2023,RO,56542,0,0,26
75,2023,AC,23860,0,0,8
75,2023,AM,105157,2,56,181
75,2023,RR,14527,-1,0,3
75,2023,PA,261300,90,385,740
75,2023,AP,18690,0,6,24
75,2023,TO,58093,-1,0,15
75,2023,MA,244918,8,162,524
75,2023,PI,142715,21,23,91
75,2023,CE,407312,24,47,304
75,2023,RN,160117,0,111,853
75,2023,PB,194740,0,39,322
75,2023,PE,429379,47,316,1526
75,2023,AL,130787,2,101,173
75,2023,SE,89189,1,67,90
75,2023,BA,666307,341,828,3127
75,2023,MG,1164725,549,1153,3860
75,2023,ES,197945,1,79,338
75,2023,RJ,1014509,197,886,4800
75,2023,SP,2487721,521,1571,16752
75,2023,PR,615667,259,1196,2960
75,2023,SC,378825,76,306,573
75,2023,RS,742682,36,643,2211
75,2023,MS,123792,44,165,2260
75,2023,MT,129975,0,8,51
75,2023,GO,293469,162,346,1016
75,2023,DF,119717,27,217,443
75,2024,RO,59695,0,13,217
75,2024,AC,24950,0,0,17
75,2024,AM,110629,0,42,519
75,2024,RR,15478,-1,0,2
75,2024,PA,272893,52,495,1156
75,2024,AP,19874,0,2,4
75,2024,TO,60545,-1,4,19
75,2024,MA,252550,3,124,401
75,2024,PI,147146,13,19,86
75,2024,CE,419239,49,117,398
75,2024,RN,164419,0,140,717
75,2024,PB,199509,2,63,185
75,2024,PE,443530,40,367,1402
75,2024,AL,135622,3,116,244
75,2024,SE,92733,0,68,81
75,2024,BA,688195,442,1035,3439
75,2024,MG,1217337,606,1305,5302
75,2024,ES,209816,1,114,536
75,2024,RJ,1059528,231,1106,7067
75,2024,SP,2609254,581,1948,23975
75,2024,PR,643646,241,1276,3074
75,2024,SC,400342,55,671,1017
75,2024,RS,774558,27,805,2246
75,2024,MS,129759,36,131,1603
75,2024,MT,137045,0,41,132
75,2024,GO,307225,93,325,1122
75,2024,DF,126925,44,231,592
75,2025,RO,63051,1,27,47
75,2025,AC,26101,0,0,1
75,2025,AM,116438,0,20,91
75,2025,RR,16465,-1,0,1
75,2025,PA,285190,2,271,360
75,2025,AP,21188,0,3,4
75,2025,TO,63039,-1,0,17
75,2025,MA,260279,1,53,110
75,2025,PI,151545,3,3,30
75,2025,CE,430744,10,30,83
75,2025,RN,168810,0,68,190
75,2025,PB,204082,0,35,51
75,2025,PE,457961,9,143,389
75,2025,AL,140465,0,37,67
75,2025,SE,96306,0,36,40
75,2025,BA,711524,188,466,1128
75,2025,MG,1271595,286,609,2397
75,2025,ES,221990,1,38,197
75,2025,RJ,1104766,141,517,2997
75,2025,SP,2732036,289,963,8670
75,2025,PR,671945,96,580,1363
75,2025,SC,421932,42,379,551
75,2025,RS,806263,23,418,860
75,2025,MS,135939,17,61,671
75,2025,MT,144539,0,1,24
75,2025,GO,321470,41,113,396
75,2025,DF,134198,7,55,197
90,2010,RO,12155,-1,0,3
90,2010,AC,6577,0,0,8
90,2010,AM,28048,0,3,9
90,2010,RR,2889,-1,-1,1
90,2010,PA,69137,0,0,21
90,2010,AP,4397,0,0,0
90,2010,TO,16077,0,0,60
90,2010,MA,82757,0,18,35
90,2010,PI,51980,10,10,120
90,2010,CE,155661,17,30,375
90,2010,RN,61259,-1,11,46
90,2010,PB,80956,1,1,27
90,2010,PE,144865,1,15,85
90,2010,AL,38780,4,15,110
90,2010,SE,28550,-1,1,3
90,2010,BA,235599,42,97,835
90,2010,MG,334532,27,63,806
90,2010,ES,52968,0,30,96
90,2010,RJ,309004,30,33,892
90,2010,SP,676727,91,205,2154
90,2010,PR,147563,10,71,226
90,2010,SC,81785,2,5,45
90,2010,RS,204691,2,75,218
90,2010,MS,31453,0,4,53
90,2010,MT,26059,0,0,13
90,2010,GO,67783,15,27,80
90,2010,DF,22912,1,8,80
90,2011,RO,12630,-1,0,17
90,2011,AC,6756,0,2,12
90,2011,AM,28696,0,0,4
90,2011,RR,2913,-1,-1,0
90,2011,PA,70853,2,12,53
90,2011,AP,4610,0,0,1
90,2011,TO,16534,1,1,81
90,2011,MA,84754,0,28,30
90,2011,PI,51850,5,5,114
90,2011,CE,156499,21,31,391
90,2011,RN,61407,-1,4,36
90,2011,PB,79955,1,1,13
90,2011,PE,145343,0,14,122
90,2011,AL,39244,0,14,87
90,2011,SE,28600,-1,22,23
90,2011,BA,239155,19,83,1098
90,2011,MG,351547,16,81,1198
90,2011,ES,56196,0,30,136
90,2011,RJ,323430,36,38,1050
90,2011,SP,712539,85,222,2607
90,2011,PR,155980,4,65,163
90,2011,SC,86966,1,13,54
90,2011,RS,215765,2,39,276
90,2011,MS,32891,2,12,86
90,2011,MT,27461,0,0,1
90,2011,GO,70982,9,50,127
90,2011,DF,24033,3,7,83
90,2012,RO,13137,-1,0,9
90,2012,AC,6950,0,0,8
90,2012,AM,29477,0,4,8
90,2012,RR,2950,-1,-1,2
90,2012,PA,72902,3,11,60
90,2012,AP,4852,0,0,0
90,2012,TO,17078,0,0,134
90,2012,MA,87078,0,44,90
90,2012,PI,51818,8,8,146
90,2012,CE,157154,18,22,315
90,2012,RN,61476,-1,10,37
90,2012,PB,79085,0,0,12
90,2012,PE,146165,9,29,168
90,2012,AL,39888,0,15,63
90,2012,SE,28785,-1,21,28
90,2012,BA,243152,34,91,1277
90,2012,MG,369126,19,80,1207
90,2012,ES,59531,1,38,132
90,2012,RJ,337679,29,49,1102
90,2012,SP,748419,74,208,3015
90,2012,PR,164795,4,65,178
90,2012,SC,92379,9,17,53
90,2012,RS,227145,3,39,304
90,2012,MS,34436,0,8,209
90,2012,MT,28970,0,1,47
90,2012,GO,74408,14,48,96
90,2012,DF,25236,1,8,40
90,2013,RO,13672,-1,2,10
90,2013,AC,7160,0,0,1
90,2013,AM,30361,0,2,2
90,2013,RR,3006,-1,-1,2
90,2013,PA,75208,1,9,77
90,2013,AP,5115,1,1,2
90,2013,TO,17705,0,0,149
90,2013,MA,89697,0,19,38
90,2013,PI,51936,11,11,117
90,2013,CE,158043,10,17,341
90,2013,RN,61656,-1,7,30
90,2013,PB,78547,0,0,21
90,2013,PE,147588,12,27,163
90,2013,AL,40705,0,17,67
90,2013,SE,29096,-1,10,11
90,2013,BA,247739,24,96,1290
90,2013,MG,387219,14,85,1112
90,2013,ES,62939,0,25,57
90,2013,RJ,351811,30,57,889
90,2013,SP,784589,69,226,3343
90,2013,PR,173961,6,78,203
90,2013,SC,98044,6,20,137
90,2013,RS,238705,1,41,313
90,2013,MS,36086,2,16,282
90,2013,MT,30590,0,1,68
90,2013,GO,78079,8,53,131
90,2013,DF,26575,4,5,32
90,2014,RO,14231,-1,0,42
90,2014,AC,7383,0,0,3
90,2014,AM,31311,0,5,7
90,2014,RR,3080,-1,-1,1
90,2014,PA,77722,0,4,44
90,2014,AP,5387,0,0,2
90,2014,TO,18413,0,0,109
90,2014,MA,92586,0,24,67
90,2014,PI,52318,4,4,67
90,2014,CE,159867,22,29,324
90,2014,RN,62243,-1,8,18
90,2014,PB,78686,0,2,8
90,2014,PE,150078,25,39,183
90,2014,AL,41713,3,25,83
90,2014,SE,29546,-1,5,12
90,2014,BA,253251,15,77,1528
90,2014,MG,405890,15,88,1294
90,2014,ES,66411,0,22,67
90,2014,RJ,366046,15,61,698
90,2014,SP,821683,70,214,3511
90,2014,PR,183485,23,100,232
90,2014,SC,104009,8,27,99
90,2014,RS,250356,7,35,419
90,2014,MS,37853,0,7,277
90,2014,MT,32336,0,2,65
90,2014,GO,82043,13,39,173
90,2014,DF,28142,1,1,25
90,2015,RO,14808,-1,0,73
90,2015,AC,7620,0,0,0
90,2015,AM,32305,0,16,21
90,2015,RR,3176,-1,-1,0
90,2015,PA,80392,1,7,29
90,2015,AP,5671,0,0,0
90,2015,TO,19194,0,0,28
90,2015,MA,95687,0,13,45
90,2015,PI,52995,7,7,70
90,2015,CE,162912,12,14,255
90,2015,RN,63373,-1,7,18
90,2015,PB,79628,0,1,9
90,2015,PE,153791,25,35,221
90,2015,AL,42907,2,22,40
90,2015,SE,30131,-1,6,13
90,2015,BA,259788,15,60,1221
90,2015,MG,425080,24,89,937
90,2015,ES,69916,1,23,66
90,2015,RJ,380448,20,84,853
90,2015,SP,859931,84,235,3436
90,2015,PR,193340,12,118,246
90,2015,SC,110272,6,27,94
90,2015,RS,262032,3,43,459
90,2015,MS,39737,0,8,345
90,2015,MT,34207,0,3,64
90,2015,GO,86287,15,36,182
90,2015,DF,29971,1,2,27
90,2016,RO,15420,-1,0,73
90,2016,AC,7875,0,0,6
90,2016,AM,33375,0,24,41
90,2016,RR,3294,-1,-1,2
90,2016,PA,83286,1,3,34
90,2016,AP,5965,0,0,1
90,2016,TO,20055,0,0,14
90,2016,MA,99055,0,25,63
90,2016,PI,53976,3,4,42
90,2016,CE,167126,9,13,295
90,2016,RN,65025,-1,10,20
90,2016,PB,81318,1,3,8
90,2016,PE,158684,12,17,245
90,2016,AL,44302,1,20,81
90,2016,SE,30864,-1,8,9
90,2016,BA,267419,41,82,953
90,2016,MG,445113,17,82,793
90,2016,ES,73523,2,24,70
90,2016,RJ,395381,15,68,711
90,2016,SP,900097,80,238,3819
90,2016,PR,203722,30,149,381
90,2016,SC,116951,8,26,95
90,2016,RS,274018,3,48,517
90,2016,MS,41758,1,8,276
90,2016,MT,36220,0,1,86
90,2016,GO,90868,19,53,135
90,2016,DF,32069,1,7,92
90,2017,RO,16092,-1,0,79
90,2017,AC,8157,1,1,7
90,2017,AM,34554,0,7,27
90,2017,RR,3446,-1,-1,0
90,2017,PA,86456,0,3,41
90,2017,AP,6274,0,0,1
90,2017,TO,21001,0,0,28
90,2017,MA,102748,0,23,98
90,2017,PI,55314,0,2,54
90,2017,CE,172670,3,6,147
90,2017,RN,67268,-1,7,27
90,2017,PB,83812,0,1,9
90,2017,PE,164864,4,18,292
90,2017,AL,45927,2,17,71
90,2017,SE,31761,-1,9,11
90,2017,BA,276331,36,68,936
90,2017,MG,466416,22,77,823
90,2017,ES,77298,2,43,92
90,2017,RJ,411338,37,73,890
90,2017,SP,943253,120,294,3833
90,2017,PR,214867,46,163,387
90,2017,SC,124189,9,16,70
90,2017,RS,286617,3,63,638
90,2017,MS,43962,4,22,246
90,2017,MT,38415,0,0,72
90,2017,GO,95872,16,71,177
90,2017,DF,34479,1,12,130
90,2018,RO,16798,-1,0,69
90,2018,AC,8472,0,0,8
90,2018,AM,35837,0,12,21
90,2018,RR,3625,-1,-1,1
90,2018,PA,89880,2,5,55
90,2018,AP,6601,0,0,1
90,2018,TO,21998,0,0,5
90,2018,MA,106609,0,35,145
90,2018,PI,56846,12,14,52
90,2018,CE,178915,14,19,152
90,2018,RN,69862,-1,9,36
90,2018,PB,86760,0,0,7
90,2018,PE,171822,8,18,296
90,2018,AL,47732,2,24,69
90,2018,SE,32779,-1,9,12
90,2018,BA,286103,65,116,1032
90,2018,MG,488381,39,102,1261
90,2018,ES,81166,0,15,96
90,2018,RJ,427754,50,116,1084
90,2018,SP,988167,128,301,4276
90,2018,PR,226556,70,221,467
90,2018,SC,131813,4,21,65
90,2018,RS,299633,17,107,590
90,2018,MS,46280,1,9,288
90,2018,MT,40733,0,0,50
90,2018,GO,101114,44,87,230
90,2018,DF,37086,2,31,142
90,2019,RO,17513,-1,1,58
90,2019,AC,8824,0,0,7
90,2019,AM,37218,0,15,43
90,2019,RR,3819,-1,-1,0
90,2019,PA,93552,4,15,89
90,2019,AP,6957,0,0,1
90,2019,TO,22988,0,0,9
90,2019,MA,110452,1,30,100
90,2019,PI,58358,5,7,33
90,2019,CE,185011,11,19,112
90,2019,RN,72470,-1,9,75
90,2019,PB,89692,0,9,23
90,2019,PE,178892,12,21,351
90,2019,AL,49652,4,17,62
90,2019,SE,33865,-1,14,16
90,2019,BA,296206,73,130,1087
90,2019,MG,510227,40,133,972
90,2019,ES,85033,0,29,110
90,2019,RJ,443902,50,116,1338
90,2019,SP,1033149,147,349,4458
90,2019,PR,238525,71,206,651
90,2019,SC,139591,9,28,77
90,2019,RS,312814,9,154,600
90,2019,MS,48641,13,20,333
90,2019,MT,43110,0,3,13
90,2019,GO,106363,36,87,237
90,2019,DF,39737,1,15,101
90,2020,RO,18226,-1,0,22
90,2020,AC,9216,1,1,1
90,2020,AM,38693,1,5,19
90,2020,RR,4017,-1,-1,1
90,2020,PA,97444,9,26,76
90,2020,AP,7344,0,0,1
90,2020,TO,23948,0,0,5
90,2020,MA,114179,1,13,133
90,2020,PI,59737,4,8,34
90,2020,CE,190511,5,7,79
90,2020,RN,74910,-1,10,23
90,2020,PB,92351,0,4,13
90,2020,PE,185706,6,16,103
90,2020,AL,51655,0,23,39
90,2020,SE,34999,-1,2,5
90,2020,BA,306328,54,94,463
90,2020,MG,531564,20,92,284
90,2020,ES,88858,0,11,52
90,2020,RJ,459457,29,69,477
90,2020,SP,1077444,67,209,2538
90,2020,PR,250630,33,128,318
90,2020,SC,147420,3,12,43
90,2020,RS,326058,9,74,298
90,2020,MS,51004,7,18,205
90,2020,MT,45505,1,1,8
90,2020,GO,111494,12,51,160
90,2020,DF,42355,2,15,39
90,2021,RO,18965,-1,0,3
90,2021,AC,9653,0,0,1
90,2021,AM,40291,0,3,14
90,2021,RR,4224,-1,-1,0
90,2021,PA,101634,7,32,70
90,2021,AP,7764,0,9,17
90,2021,TO,24912,0,0,2
90,2021,MA,117890,1,29,181
90,2021,PI,61080,1,1,44
90,2021,CE,195691,2,6,54
90,2021,RN,77268,-1,9,33
90,2021,PB,94869,0,6,16
90,2021,PE,192512,11,50,214
90,2021,AL,53778,0,16,32
90,2021,SE,36212,-1,12,23
90,2021,BA,316737,50,114,601
90,2021,MG,552923,72,166,471
90,2021,ES,92729,0,21,69
90,2021,RJ,474928,46,123,836
90,2021,SP,1122141,77,212,2297
90,2021,PR,263092,42,152,407
90,2021,SC,155459,12,31,76
90,2021,RS,339639,13,106,536
90,2021,MS,53411,7,13,221
90,2021,MT,47974,0,0,13
90,2021,GO,116642,42,93,258
90,2021,DF,44990,3,11,37
90,2022,RO,19752,-1,0,5
90,2022,AC,10147,0,0,0
90,2022,AM,42046,0,6,54
90,2022,RR,4451,-1,-1,1
90,2022,PA,106224,8,71,188
90,2022,AP,8228,0,4,13
90,2022,TO,25898,2,2,7
90,2022,MA,121659,0,18,81
90,2022,PI,62429,5,5,30
90,2022,CE,200625,9,14,67
90,2022,RN,79540,-1,16,43
90,2022,PB,97273,1,12,112
90,2022,PE,199399,24,77,374
90,2022,AL,56054,0,14,29
90,2022,SE,37526,-1,5,16
90,2022,BA,327576,70,134,771
90,2022,MG,574650,155,286,1057
90,2022,ES,96716,0,18,119
90,2022,RJ,490557,88,197,1306
90,2022,SP,1167790,136,351,4178
90,2022,PR,276059,49,223,705
90,2022,SC,163812,12,35,102
90,2022,RS,353707,12,130,719
90,2022,MS,55905,7,25,426
90,2022,MT,50565,0,0,12
90,2022,GO,121900,42,90,299
90,2022,DF,47672,2,15,39
90,2023,RO,20586,-1,1,16
90,2023,AC,10679,1,1,3
90,2023,AM,43926,0,4,52
90,2023,RR,4705,-1,-1,0
90,2023,PA,111090,27,97,181
90,2023,AP,8712,0,1,5
90,2023,TO,26926,0,0,8
90,2023,MA,125496,2,45,134
90,2023,PI,63841,5,7,45
90,2023,CE,205699,4,10,93
90,2023,RN,81930,-1,31,199
90,2023,PB,99736,0,9,87
90,2023,PE,206616,10,82,368
90,2023,AL,58478,0,24,39
90,2023,SE,38961,-1,20,27
90,2023,BA,338963,77,159,738
90,2023,MG,597173,210,353,1238
90,2023,ES,100878,0,14,119
90,2023,RJ,507080,84,246,1519
90,2023,SP,1215990,146,342,4420
90,2023,PR,289690,101,340,906
90,2023,SC,172684,15,58,139
90,2023,RS,368609,8,176,630
90,2023,MS,58487,14,34,613
90,2023,MT,53292,0,1,10
90,2023,GO,127330,46,95,303
90,2023,DF,50475,1,39,111
90,2024,RO,21474,-1,1,54
90,2024,AC,11233,0,0,5
90,2024,AM,45893,0,7,129
90,2024,RR,4993,-1,-1,3
90,2024,PA,116085,14,76,221
90,2024,AP,9184,0,0,2
90,2024,TO,28011,1,1,8
90,2024,MA,129413,0,29,88
90,2024,PI,65422,6,7,49
90,2024,CE,211495,13,31,140
90,2024,RN,84754,-1,26,161
90,2024,PB,102541,0,21,66
90,2024,PE,214589,9,96,419
90,2024,AL,61058,0,16,50
90,2024,SE,40538,-1,27,32
90,2024,BA,351104,103,222,888
90,2024,MG,621166,208,347,1630
90,2024,ES,105307,0,15,162
90,2024,RJ,525569,71,260,2065
90,2024,SP,1269107,215,461,6482
90,2024,PR,304240,74,327,920
90,2024,SC,182391,11,114,221
90,2024,RS,384857,12,255,678
90,2024,MS,61192,4,23,445
90,2024,MT,56171,0,3,25
90,2024,GO,133055,28,66,261
90,2024,DF,53531,9,43,154
90,2025,RO,22425,-1,3,15
90,2025,AC,11799,0,0,0
90,2025,AM,47929,0,5,23
90,2025,RR,5321,-1,-1,1
90,2025,PA,121126,0,49,67
90,2025,AP,9638,0,2,5
90,2025,TO,29164,0,0,5
90,2025,MA,133426,0,16,31
90,2025,PI,67232,1,2,22
90,2025,CE,218315,2,2,25
90,2025,RN,88152,-1,12,36
90,2025,PB,105824,0,7,14
90,2025,PE,223495,3,48,129
90,2025,AL,63794,0,2,8
90,2025,SE,42279,-1,6,7
90,2025,BA,364068,51,104,285
90,2025,MG,647027,96,166,703
90,2025,ES,110076,0,9,68
90,2025,RJ,546611,33,139,878
90,2025,SP,1328446,97,239,2315
90,2025,PR,319837,34,136,356
90,2025,SC,193106,5,68,112
90,2025,RS,402710,7,127,258
90,2025,MS,64027,4,12,206
90,2025,MT,59222,0,0,11
90,2025,GO,139137,16,25,106
90,2025,DF,56909,2,15,48