"series","region","year","age_label","cases","pop","rate"
"North","North",2010,"25-34",3,3070125,0.977158910467815
"North","North",2010,"35-44",13,2415901,5.38101519888439
"North","North",2010,"45-54",27,1696750,15.9127744216885
"North","North",2010,"55-64",25,1110670,22.5089360476109
"North","North",2010,"65-74",18,632709,28.4490974523833
"North","North",2010,"75-89",7,323461,21.6409397114335
"North","North",2010,"90+",3,136391,21.995586219032
"North","North",2011,"25-34",33,3102325,10.6371834027705
"North","North",2011,"35-44",29,2493093,11.6321372688464
"North","North",2011,"45-54",67,1753542,38.2083805235347
"North","North",2011,"55-64",94,1154878,81.3938788339548
"North","North",2011,"65-74",91,658274,138.240307227689
"North","North",2011,"75-89",68,334986,202.993557939735
"North","North",2011,"90+",15,140079,107.082432056197
"North","North",2012,"25-34",12,3129621,3.83433009939542
"North","North",2012,"35-44",19,2571829,7.38773845383966
"North","North",2012,"45-54",39,1810880,21.5364905460329
"North","North",2012,"55-64",86,1199109,71.7199187063061
"North","North",2012,"65-74",82,685807,119.567166855981
"North","North",2012,"75-89",62,347398,178.469651523613
"North","North",2012,"90+",15,144396,103.88099393335
"North","North",2013,"25-34",17,3154660,5.38885331541275
"North","North",2013,"35-44",30,2649527,11.3227757256295
"North","North",2013,"45-54",53,1869456,28.3504934055683
"North","North",2013,"55-64",128,1243793,102.911014935765
"North","North",2013,"65-74",119,715396,166.341438867424
"North","North",2013,"75-89",59,360519,163.652955877499
"North","North",2013,"90+",14,149221,93.8205748520651
"North","North",2014,"25-34",17,3181313,5.34370557062446
"North","North",2014,"35-44",22,2722447,8.08096539620422
"North","North",2014,"45-54",42,1930374,21.7574418221547
"North","North",2014,"55-64",102,1289657,79.0907970103679
"North","North",2014,"65-74",82,747072,109.761843570633
"North","North",2014,"75-89",32,374111,85.5361109403359
"North","North",2014,"90+",9,154447,58.2724170751131
"North","North",2015,"25-34",20,3211975,6.22669852660746
"North","North",2015,"35-44",42,2788386,15.0624770028253
"North","North",2015,"45-54",85,1994342,42.6205736027221
"North","North",2015,"55-64",163,1337188,121.897594055585
"North","North",2015,"65-74",167,780788,213.886483911126
"North","North",2015,"75-89",86,388095,221.595227972533
"North","North",2015,"90+",23,159990,143.758984936559
"North","North",2016,"25-34",16,3246817,4.92790323569206
"North","North",2016,"35-44",40,2847652,14.0466601958385
"North","North",2016,"45-54",95,2061045,46.0931226635032
"North","North",2016,"55-64",171,1386348,123.345653472288
"North","North",2016,"65-74",173,816539,211.869855573341
"North","North",2016,"75-89",65,402579,161.458993141719
"North","North",2016,"90+",27,165976,162.674121559744
"North","North",2017,"25-34",25,3289129,7.60079644185436
"North","North",2017,"35-44",33,2901924,11.3717657664363
"North","North",2017,"45-54",111,2131051,52.0869749245795
"North","North",2017,"55-64",200,1437633,139.117563383701
"North","North",2017,"65-74",220,854478,257.467131979992
"North","North",2017,"75-89",77,417591,184.390947122903
"North","North",2017,"90+",11,172534,63.7555496307974
"North","North",2018,"25-34",29,3335278,8.69492737936688
"North","North",2018,"35-44",29,2952530,9.8220847883002
"North","North",2018,"45-54",110,2204568,49.8963969358169
"North","North",2018,"55-64",214,1490904,143.537075492453
"North","North",2018,"65-74",192,894092,214.743001838737
"North","North",2018,"75-89",88,433557,202.972158216797
"North","North",2018,"90+",17,179586,94.6621674295324
"North","North",2019,"25-34",34,3376531,10.0695062476844
"North","North",2019,"35-44",64,2998469,21.344226003337
"North","North",2019,"45-54",116,2280197,50.8727973942602
"North","North",2019,"55-64",289,1545270,187.022332666783
"North","North",2019,"65-74",273,934382,292.171724198454
"North","North",2019,"75-89",112,451011,248.330971971859
"North","North",2019,"90+",31,187052,165.729315912153
"North","North",2020,"25-34",36,3408466,10.5619360732951
"North","North",2020,"35-44",76,3039981,25.0001562509766
"North","North",2020,"45-54",182,2357103,77.2134268209747
"North","North",2020,"55-64",285,1600270,178.094946477782
"North","North",2020,"65-74",336,974828,344.67618903027
"North","North",2020,"75-89",147,470277,312.581733744155
"North","North",2020,"90+",32,194871,164.211196124616
"North","North",2021,"25-34",37,3435178,10.7709120167863
"North","North",2021,"35-44",85,3076517,27.6286462905942
"North","North",2021,"45-54",217,2434930,89.1196050810496
"North","North",2021,"55-64",419,1655930,253.030019384877
"North","North",2021,"65-74",473,1015420,465.817100313171
"North","North",2021,"75-89",210,491265,427.467863576685
"North","North",2021,"90+",44,203219,216.515188048362
"North","North",2022,"25-34",62,3450301,17.9694467236337
"North","North",2022,"35-44",130,3107225,41.837974398378
"North","North",2022,"45-54",273,2513792,108.600870716432
"North","North",2022,"55-64",592,1711979,345.798634212219
"North","North",2022,"65-74",598,1056078,566.246053795269
"North","North",2022,"75-89",254,513886,494.273048886329
"North","North",2022,"90+",83,212295,390.965401917144
"North","North",2023,"25-34",45,3457601,13.0148041951631
"North","North",2023,"35-44",109,3134190,34.7777256643662
"North","North",2023,"45-54",272,2591227,104.969576189195
"North","North",2023,"55-64",627,1769108,354.415897729251
"North","North",2023,"65-74",880,1097161,802.070069935041
"North","North",2023,"75-89",447,538169,830.59410705559
"North","North",2023,"90+",104,221919,468.639458541179
"North","North",2024,"25-34",46,3456249,13.3092262739172
"North","North",2024,"35-44",129,3161578,40.8024094297215
"North","North",2024,"45-54",287,2663889,107.73722178364
"North","North",2024,"55-64",707,1828434,386.669685643562
"North","North",2024,"65-74",997,1139357,875.054965212835
"North","North",2024,"75-89",556,564064,985.703749929086
"North","North",2024,"90+",85,231880,366.568914956012
"Northeast","Northeast",2010,"25-34",203,9963132,20.3751189886875
"Northeast","Northeast",2010,"35-44",297,8017494,37.0439940460199
"Northeast","Northeast",2010,"45-54",483,6358814,75.9575606394526
"Northeast","Northeast",2010,"55-64",879,4431952,198.332472914869
"Northeast","Northeast",2010,"65-74",1079,2954255,365.235905499018
"Northeast","Northeast",2010,"75-89",687,1696014,405.067411000145
"Northeast","Northeast",2010,"90+",198,880407,224.895985606657
"Northeast","Northeast",2011,"25-34",236,9959084,23.6969584752975
"Northeast","Northeast",2011,"35-44",311,8195006,37.9499417084014
"Northeast","Northeast",2011,"45-54",539,6482984,83.1407265543151
"Northeast","Northeast",2011,"55-64",1016,4565007,222.562637910522
"Northeast","Northeast",2011,"65-74",1145,3035058,377.258029335848
"Northeast","Northeast",2011,"75-89",704,1741473,404.255477977551
"Northeast","Northeast",2011,"90+",202,886807,227.783497423904
"Northeast","Northeast",2012,"25-34",264,9937499,26.5660404091613
"Northeast","Northeast",2012,"35-44",359,8380976,42.8351065556088
"Northeast","Northeast",2012,"45-54",607,6592815,92.0699276409242
"Northeast","Northeast",2012,"55-64",1146,4707941,243.418513528526
"Northeast","Northeast",2012,"65-74",1368,3120215,438.431326046442
"Northeast","Northeast",2012,"75-89",820,1788325,458.529629681406
"Northeast","Northeast",2012,"90+",240,894601,268.276024730578
"Northeast","Northeast",2013,"25-34",222,9904908,22.4131309447801
"Northeast","Northeast",2013,"35-44",328,8566565,38.2883921385059
"Northeast","Northeast",2013,"45-54",580,6695578,86.6243362410236
"Northeast","Northeast",2013,"55-64",1084,4858520,223.113211430641
"Northeast","Northeast",2013,"65-74",1298,3208635,404.533391925227
"Northeast","Northeast",2013,"75-89",726,1836596,395.296515945804
"Northeast","Northeast",2013,"90+",204,905007,225.412621117848
"Northeast","Northeast",2014,"25-34",223,9871576,22.5901112446483
"Northeast","Northeast",2014,"35-44",345,8738602,39.4799992035339
"Northeast","Northeast",2014,"45-54",619,6802589,90.9947668453878
"Northeast","Northeast",2014,"55-64",1151,5013238,229.592131871657
"Northeast","Northeast",2014,"65-74",1294,3298724,392.272890972388
"Northeast","Northeast",2014,"75-89",776,1886823,411.273341484601
"Northeast","Northeast",2014,"90+",213,920288,231.449285441079
"Northeast","Northeast",2015,"25-34",196,9843429,19.9117604241368
"Northeast","Northeast",2015,"35-44",308,8888264,34.6524360662555
"Northeast","Northeast",2015,"45-54",555,6921338,80.1868078108597
"Northeast","Northeast",2015,"55-64",978,5169444,189.188624540666
"Northeast","Northeast",2015,"65-74",1117,3389888,329.509411520381
"Northeast","Northeast",2015,"75-89",658,1939703,339.227190966864
"Northeast","Northeast",2015,"90+",165,941212,175.305882202947
"Northeast","Northeast",2016,"25-34",166,9822952,16.8991969012981
"Northeast","Northeast",2016,"35-44",304,9015005,33.7215564494973
"Northeast","Northeast",2016,"45-54",550,7049259,78.0223850478469
"Northeast","Northeast",2016,"55-64",1107,5327362,207.795152647783
"Northeast","Northeast",2016,"65-74",1253,3482367,359.812736566824
"Northeast","Northeast",2016,"75-89",674,1995162,337.817179757834
"Northeast","Northeast",2016,"90+",182,967769,188.061407215978
"Northeast","Northeast",2017,"25-34",176,9814889,17.9319399332993
"Northeast","Northeast",2017,"35-44",321,9117104,35.208548679493
"Northeast","Northeast",2017,"45-54",620,7184425,86.2977900110308
"Northeast","Northeast",2017,"55-64",1222,5487894,222.67193936326
"Northeast","Northeast",2017,"65-74",1290,3575498,360.788902692716
"Northeast","Northeast",2017,"75-89",762,2053133,371.140106364273
"Northeast","Northeast",2017,"90+",151,1000695,150.895127886119
"Northeast","Northeast",2018,"25-34",187,9811553,19.0591642322067
"Northeast","Northeast",2018,"35-44",346,9193953,37.633431452173
"Northeast","Northeast",2018,"45-54",655,7329024,89.3706992909288
"Northeast","Northeast",2018,"55-64",1377,5646050,243.887319453423
"Northeast","Northeast",2018,"65-74",1690,3672412,460.188018119971
"Northeast","Northeast",2018,"75-89",1010,2114051,477.755740046006
"Northeast","Northeast",2018,"90+",244,1037428,235.197044999749
"Northeast","Northeast",2019,"25-34",168,9800612,17.1417866557721
"Northeast","Northeast",2019,"35-44",327,9246050,35.3664537829668
"Northeast","Northeast",2019,"45-54",785,7485376,104.871151429133
"Northeast","Northeast",2019,"55-64",1563,5794783,269.725371942314
"Northeast","Northeast",2019,"65-74",1834,3777678,485.483410708906
"Northeast","Northeast",2019,"75-89",1078,2178210,494.901777147291
"Northeast","Northeast",2019,"90+",256,1074598,238.228621307689
"Northeast","Northeast",2020,"25-34",157,9774150,16.062777837459
"Northeast","Northeast",2020,"35-44",287,9274092,30.9464258064294
"Northeast","Northeast",2020,"45-54",644,7654000,84.1390122811602
"Northeast","Northeast",2020,"55-64",1186,5930317,199.989309171837
"Northeast","Northeast",2020,"65-74",1393,3893805,357.747755729935
"Northeast","Northeast",2020,"75-89",748,2245607,333.094793523533
"Northeast","Northeast",2020,"90+",177,1110376,159.405462654092
"Northeast","Northeast",2021,"25-34",192,9726181,19.7405333090141
"Northeast","Northeast",2021,"35-44",384,9281960,41.3705725945813
"Northeast","Northeast",2021,"45-54",849,7832211,108.398509692857
"Northeast","Northeast",2021,"55-64",1826,6053396,301.648859582291
"Northeast","Northeast",2021,"65-74",2116,4019463,526.438481956421
"Northeast","Northeast",2021,"75-89",1125,2316031,485.744793571416
"Northeast","Northeast",2021,"90+",243,1146037,212.035039008339
"Northeast","Northeast",2022,"25-34",225,9651545,23.3123297876143
"Northeast","Northeast",2022,"35-44",429,9272550,46.2655903715806
"Northeast","Northeast",2022,"45-54",835,8018473,104.134540329562
"Northeast","Northeast",2022,"55-64",2052,6163093,332.949705610478
"Northeast","Northeast",2022,"65-74",2414,4153956,581.132780414622
"Northeast","Northeast",2022,"75-89",1259,2389548,526.877886529168
"Northeast","Northeast",2022,"90+",295,1182081,249.559886336046
"Northeast","Northeast",2023,"25-34",234,9572701,24.4445115333697
"Northeast","Northeast",2023,"35-44",429,9252237,46.3671650434376
"Northeast","Northeast",2023,"45-54",1042,8204302,127.006538764663
"Northeast","Northeast",2023,"55-64",2368,6266287,377.895235248561
"Northeast","Northeast",2023,"65-74",2881,4295306,670.732189976686
"Northeast","Northeast",2023,"75-89",1694,2465464,687.091760415078
"Northeast","Northeast",2023,"90+",387,1219720,317.285934476765
"Northeast","Northeast",2024,"25-34",247,9477383,26.0620468751764
"Northeast","Northeast",2024,"35-44",472,9231042,51.1318223879818
"Northeast","Northeast",2024,"45-54",1164,8377043,138.951178834823
"Northeast","Northeast",2024,"55-64",2683,6373693,420.949047906763
"Northeast","Northeast",2024,"65-74",3449,4440386,776.734274903128
"Northeast","Northeast",2024,"75-89",2049,2542943,805.759311160337
"Northeast","Northeast",2024,"90+",475,1260914,376.710862120652
"Center-West","Center-West",2010,"25-34",69,2666467,25.876937535698
"Center-West","Center-West",2010,"35-44",81,2385179,33.9597153924297
"Center-West","Center-West",2010,"45-54",181,1893034,95.6137079418542
"Center-West","Center-West",2010,"55-64",300,1274350,235.414132695099
"Center-West","Center-West",2010,"65-74",301,730623,411.977175643252
"Center-West","Center-West",2010,"75-89",194,375345,516.857824135129
"Center-West","Center-West",2010,"90+",39,148207,263.145465463845
"Center-West","Center-West",2011,"25-34",63,2679158,23.5148505612584
"Center-West","Center-West",2011,"35-44",119,2441737,48.7357975080854
"Center-West","Center-West",2011,"45-54",205,1941778,105.573345665673
"Center-West","Center-West",2011,"55-64",321,1329142,241.509184120282
"Center-West","Center-West",2011,"65-74",408,764767,533.495822910769
"Center-West","Center-West",2011,"75-89",259,391888,660.903115175765
"Center-West","Center-West",2011,"90+",69,155367,444.109753036359
"Center-West","Center-West",2012,"25-34",108,2686051,40.2077250208578
"Center-West","Center-West",2012,"35-44",119,2499249,47.6143033367224
"Center-West","Center-West",2012,"45-54",243,1987341,122.273932858025
"Center-West","Center-West",2012,"55-64",445,1385150,321.264844962639
"Center-West","Center-West",2012,"65-74",499,801562,622.534501386044
"Center-West","Center-West",2012,"75-89",337,408687,824.591924871601
"Center-West","Center-West",2012,"90+",65,163050,398.650720637841
"Center-West","Center-West",2013,"25-34",60,2689260,22.3109703040985
"Center-West","Center-West",2013,"35-44",120,2555309,46.9610524598004
"Center-West","Center-West",2013,"45-54",220,2031323,108.30380003574
"Center-West","Center-West",2013,"55-64",370,1441940,256.598748907722
"Center-West","Center-West",2013,"65-74",410,840670,487.706234313107
"Center-West","Center-West",2013,"75-89",238,425879,558.844178745606
"Center-West","Center-West",2013,"90+",75,171330,437.751707231658
"Center-West","Center-West",2014,"25-34",57,2691808,21.1753587180066
"Center-West","Center-West",2014,"35-44",88,2606420,33.7627857367577
"Center-West","Center-West",2014,"45-54",146,2076262,70.3186784712141
"Center-West","Center-West",2014,"55-64",321,1498919,214.154333889957
"Center-West","Center-West",2014,"65-74",297,881547,336.907731521972
"Center-West","Center-West",2014,"75-89",155,443709,349.328050591717
"Center-West","Center-West",2014,"90+",49,180374,271.657777728497
"Center-West","Center-West",2015,"25-34",68,2695596,25.2263321358245
"Center-West","Center-West",2015,"35-44",88,2650403,33.202497884284
"Center-West","Center-West",2015,"45-54",195,2123717,91.8201436443745
"Center-West","Center-West",2015,"55-64",343,1555608,220.492566250624
"Center-West","Center-West",2015,"65-74",449,923860,486.004372956942
"Center-West","Center-West",2015,"75-89",230,462402,497.402692894927
"Center-West","Center-West",2015,"90+",49,190202,257.620845206675
"Center-West","Center-West",2016,"25-34",84,2700020,31.1108806601433
"Center-West","Center-West",2016,"35-44",140,2687531,52.0924223757791
"Center-West","Center-West",2016,"45-54",250,2173284,115.033286031646
"Center-West","Center-West",2016,"55-64",443,1611969,274.819180765883
"Center-West","Center-West",2016,"65-74",536,967572,553.963942735011
"Center-West","Center-West",2016,"75-89",317,482045,657.614952960823
"Center-West","Center-West",2016,"90+",69,200915,343.428813179703
"Center-West","Center-West",2017,"25-34",98,2704945,36.2299418287618
"Center-West","Center-West",2017,"35-44",179,2717754,65.8632091057542
"Center-West","Center-West",2017,"45-54",332,2224757,149.229781050245
"Center-West","Center-West",2017,"55-64",632,1668061,378.883026460064
"Center-West","Center-West",2017,"65-74",648,1012533,639.979141420576
"Center-West","Center-West",2017,"75-89",405,502661,805.712000732104
"Center-West","Center-West",2017,"90+",105,212728,493.58805610921
"Center-West","Center-West",2018,"25-34",134,2709225,49.4606391126614
"Center-West","Center-West",2018,"35-44",193,2741785,70.3920985781161
"Center-West","Center-West",2018,"45-54",353,2277849,154.970764084889
"Center-West","Center-West",2018,"55-64",766,1723094,444.549165628805
"Center-West","Center-West",2018,"65-74",798,1058789,753.691245375613
"Center-West","Center-West",2018,"75-89",497,524717,947.177240302868
"Center-West","Center-West",2018,"90+",127,225213,563.91060906786
"Center-West","Center-West",2019,"25-34",89,2710743,32.8323267827308
"Center-West","Center-West",2019,"35-44",212,2761003,76.7836905646245
"Center-West","Center-West",2019,"45-54",390,2332045,167.235194861163
"Center-West","Center-West",2019,"55-64",881,1775875,496.093475047512
"Center-West","Center-West",2019,"65-74",904,1106557,816.94842651576
"Center-West","Center-West",2019,"75-89",527,548779,960.313714628293
"Center-West","Center-West",2019,"90+",125,237851,525.539098006735
"Center-West","Center-West",2020,"25-34",81,2708146,29.9097611428631
"Center-West","Center-West",2020,"35-44",153,2776498,55.1053881544305
"Center-West","Center-West",2020,"45-54",308,2386731,129.046800833441
"Center-West","Center-West",2020,"55-64",640,1825822,350.52705028201
"Center-West","Center-West",2020,"65-74",653,1155857,564.948778265824
"Center-West","Center-West",2020,"75-89",340,575162,591.137801176017
"Center-West","Center-West",2020,"90+",85,250358,339.51381621518
"Center-West","Center-West",2021,"25-34",98,2698863,36.3115875092585
"Center-West","Center-West",2021,"35-44",165,2787323,59.1965839624615
"Center-West","Center-West",2021,"45-54",349,2441971,142.917340132213
"Center-West","Center-West",2021,"55-64",676,1873040,360.910605219323
"Center-West","Center-West",2021,"65-74",804,1206507,666.386519100179
"Center-West","Center-West",2021,"75-89",450,603717,745.382356302705
"Center-West","Center-West",2021,"90+",117,263017,444.838166354266
"Center-West","Center-West",2022,"25-34",122,2687894,45.3886946434644
"Center-West","Center-West",2022,"35-44",186,2792438,66.6084618530474
"Center-West","Center-West",2022,"45-54",384,2498122,153.715471061862
"Center-West","Center-West",2022,"55-64",899,1917280,468.893432362514
"Center-West","Center-West",2022,"65-74",1051,1258334,835.231345572797
"Center-West","Center-West",2022,"75-89",534,634399,841.741553817077
"Center-West","Center-West",2022,"90+",130,276042,470.942827540737
"Center-West","Center-West",2023,"25-34",158,2677240,59.016001553839
"Center-West","Center-West",2023,"35-44",228,2793935,81.60533441186
"Center-West","Center-West",2023,"45-54",435,2552827,170.39932592377
"Center-West","Center-West",2023,"55-64",1033,1960046,527.028447291543
"Center-West","Center-West",2023,"65-74",1206,1310945,919.947061089519
"Center-West","Center-West",2023,"75-89",736,666953,1103.52603556772
"Center-West","Center-West",2023,"90+",169,289584,583.595778772308
"Center-West","Center-West",2024,"25-34",112,2665135,42.0241376140421
"Center-West","Center-West",2024,"35-44",191,2794737,68.3427456680181
"Center-West","Center-West",2024,"45-54",460,2602695,176.739879240556
"Center-West","Center-West",2024,"55-64",1010,2003809,504.040055713893
"Center-West","Center-West",2024,"65-74",1175,1363755,861.591708188054
"Center-West","Center-West",2024,"75-89",728,700954,1038.58455761719
"Center-West","Center-West",2024,"90+",135,303949,444.153459955453
"Southeast","Southeast",2010,"25-34",458,14369434,31.8732108724672
"Southeast","Southeast",2010,"35-44",548,12996964,42.1636929978417
"Southeast","Southeast",2010,"45-54",986,11269577,87.4921924753697
"Southeast","Southeast",2010,"55-64",1697,8783647,193.199931645705
"Southeast","Southeast",2010,"65-74",1942,5303328,366.185157697204
"Southeast","Southeast",2010,"75-89",1243,2979107,417.239125684307
"Southeast","Southeast",2010,"90+",331,1373231,241.037378270662
"Southeast","Southeast",2011,"25-34",413,14326535,28.8276264986614
"Southeast","Southeast",2011,"35-44",619,13226126,46.8013082591229
"Southeast","Southeast",2011,"45-54",934,11372584,82.1273335945463
"Southeast","Southeast",2011,"55-64",1795,9044765,198.457339687654
"Southeast","Southeast",2011,"65-74",2052,5531809,370.945562292552
"Southeast","Southeast",2011,"75-89",1276,3059797,417.021129179485
"Southeast","Southeast",2011,"90+",371,1443712,256.976460679138
"Southeast","Southeast",2012,"25-34",372,14240338,26.1229754518467
"Southeast","Southeast",2012,"35-44",638,13469852,47.3650341518229
"Southeast","Southeast",2012,"45-54",1040,11462155,90.7333743087578
"Southeast","Southeast",2012,"55-64",1916,9296629,206.096209712144
"Southeast","Southeast",2012,"65-74",2225,5777526,385.112935882937
"Southeast","Southeast",2012,"75-89",1394,3142726,443.563963259921
"Southeast","Southeast",2012,"90+",375,1514755,247.564787704942
"Southeast","Southeast",2013,"25-34",400,14129309,28.3099477830091
"Southeast","Southeast",2013,"35-44",641,13712064,46.7471563726657
"Southeast","Southeast",2013,"45-54",1121,11549644,97.059268666636
"Southeast","Southeast",2013,"55-64",2108,9535958,221.058020599503
"Southeast","Southeast",2013,"65-74",2557,6036421,423.595372158436
"Southeast","Southeast",2013,"75-89",1467,3231535,453.963828335451
"Southeast","Southeast",2013,"90+",393,1586558,247.706040371673
"Southeast","Southeast",2014,"25-34",392,14021030,27.9580030853653
"Southeast","Southeast",2014,"35-44",727,13929611,52.1909764745046
"Southeast","Southeast",2014,"45-54",1206,11651459,103.506350578069
"Southeast","Southeast",2014,"55-64",2278,9758583,233.435530547826
"Southeast","Southeast",2014,"65-74",2794,6302913,443.287095982445
"Southeast","Southeast",2014,"75-89",1617,3331344,485.389680561359
"Southeast","Southeast",2014,"90+",385,1660030,231.923519454468
"Southeast","Southeast",2015,"25-34",400,13932917,28.7089918069561
"Southeast","Southeast",2015,"35-44",701,14107216,49.6908816027202
"Southeast","Southeast",2015,"45-54",1188,11777966,100.866312570439
"Southeast","Southeast",2015,"55-64",2455,9962129,246.433267427073
"Southeast","Southeast",2015,"65-74",2848,6573042,433.284923479874
"Southeast","Southeast",2015,"75-89",1599,3445554,464.076313997691
"Southeast","Southeast",2015,"90+",431,1735375,248.361305193402
"Southeast","Southeast",2016,"25-34",392,13861311,28.280153298631
"Southeast","Southeast",2016,"35-44",652,14246706,45.7649648978508
"Southeast","Southeast",2016,"45-54",1194,11927188,100.107418445991
"Southeast","Southeast",2016,"55-64",2385,10147282,235.038308780617
"Southeast","Southeast",2016,"65-74",2993,6845725,437.207162134033
"Southeast","Southeast",2016,"75-89",1695,3573227,474.36113070902
"Southeast","Southeast",2016,"90+",412,1814114,227.108108972203
"Southeast","Southeast",2017,"25-34",367,13806932,26.580850836377
"Southeast","Southeast",2017,"35-44",695,14348317,48.4377366348959
"Southeast","Southeast",2017,"45-54",1296,12098227,107.123134654359
"Southeast","Southeast",2017,"55-64",2603,10314786,252.356180729295
"Southeast","Southeast",2017,"65-74",3302,7119361,463.805670199896
"Southeast","Southeast",2017,"75-89",1996,3713653,537.476172383365
"Southeast","Southeast",2017,"90+",487,1898305,256.544654310029
"Southeast","Southeast",2018,"25-34",387,13760026,28.1249468569318
"Southeast","Southeast",2018,"35-44",658,14412039,45.6562738971217
"Southeast","Southeast",2018,"45-54",1240,12289457,100.89949458304
"Southeast","Southeast",2018,"55-64",2931,10465656,280.058889762859
"Southeast","Southeast",2018,"65-74",3850,7391376,520.877303495317
"Southeast","Southeast",2018,"75-89",2112,3868312,545.974574956725
"Southeast","Southeast",2018,"90+",534,1985468,268.954221372492
"Southeast","Southeast",2019,"25-34",388,13702863,28.3152506158749
"Southeast","Southeast",2019,"35-44",714,14440187,49.4453430554604
"Southeast","Southeast",2019,"45-54",1391,12497224,111.304718551896
"Southeast","Southeast",2019,"55-64",3043,10601503,287.034772333696
"Southeast","Southeast",2019,"65-74",4134,7658831,539.769058750611
"Southeast","Southeast",2019,"75-89",2360,4038730,584.342107543708
"Southeast","Southeast",2019,"90+",627,2072311,302.560764286828
"Southeast","Southeast",2020,"25-34",341,13623788,25.0297494353259
"Southeast","Southeast",2020,"35-44",651,14435923,45.0958348835748
"Southeast","Southeast",2020,"45-54",1299,12717264,102.144612237349
"Southeast","Southeast",2020,"55-64",2785,10724660,259.68189201336
"Southeast","Southeast",2020,"65-74",3325,7919342,419.858114474662
"Southeast","Southeast",2020,"75-89",1786,4225114,422.71048781169
"Southeast","Southeast",2020,"90+",381,2157323,176.607768053277
"Southeast","Southeast",2021,"25-34",422,13541427,31.1636284713568
"Southeast","Southeast",2021,"35-44",623,14394893,43.2792379908625
"Southeast","Southeast",2021,"45-54",1427,12949641,110.196105050325
"Southeast","Southeast",2021,"55-64",3264,10835620,301.228725259837
"Southeast","Southeast",2021,"65-74",4133,8171936,505.755306943177
"Southeast","Southeast",2021,"75-89",2330,4425999,526.434822963132
"Southeast","Southeast",2021,"90+",522,2242721,232.752981757428
"Southeast","Southeast",2022,"25-34",417,13423951,31.0638797772727
"Southeast","Southeast",2022,"35-44",711,14310735,49.6829827398802
"Southeast","Southeast",2022,"45-54",1613,13195872,122.235195976439
"Southeast","Southeast",2022,"55-64",3817,10933358,349.115066020888
"Southeast","Southeast",2022,"65-74",5394,8416069,640.916798567122
"Southeast","Southeast",2022,"75-89",3401,4640261,732.932910454821
"Southeast","Southeast",2022,"90+",852,2329713,365.710282768736
"Southeast","Southeast",2023,"25-34",408,13293034,30.6927673546912
"Southeast","Southeast",2023,"35-44",785,14201729,55.2749598305953
"Southeast","Southeast",2023,"45-54",1776,13440226,132.140635135153
"Southeast","Southeast",2023,"55-64",4187,11028800,379.642390831278
"Southeast","Southeast",2023,"65-74",5851,8648653,676.521534625103
"Southeast","Southeast",2023,"75-89",3689,4864900,758.28896791301
"Southeast","Southeast",2023,"90+",955,2421121,394.445382944512
"Southeast","Southeast",2024,"25-34",456,13148759,34.6800789336849
"Southeast","Southeast",2024,"35-44",865,14095173,61.3685266580268
"Southeast","Southeast",2024,"45-54",1899,13660081,139.018209335655
"Southeast","Southeast",2024,"55-64",4547,11137789,408.249788176091
"Southeast","Southeast",2024,"65-74",6836,8865785,771.054114215493
"Southeast","Southeast",2024,"75-89",4473,5095935,877.758448645832
"Southeast","Southeast",2024,"90+",1083,2521149,429.566043101776
"South","South",2010,"25-34",156,4741731,32.8993778854178
"South","South",2010,"35-44",216,4215519,51.2392424278007
"South","South",2010,"45-54",320,3958434,80.8400493730602
"South","South",2010,"55-64",717,3063718,234.029372155009
"South","South",2010,"65-74",820,1881814,435.749760603333
"South","South",2010,"75-89",503,1016105,495.027580811038
"South","South",2010,"90+",151,434039,347.895004826755
"South","South",2011,"25-34",162,4753614,34.0793341655423
"South","South",2011,"35-44",209,4269884,48.9474655517574
"South","South",2011,"45-54",358,3978602,89.9813552599632
"South","South",2011,"55-64",737,3160394,233.198772051839
"South","South",2011,"65-74",873,1964666,444.350337411041
"South","South",2011,"75-89",484,1050006,460.949746953827
"South","South",2011,"90+",117,458711,255.062555726808
"South","South",2012,"25-34",128,4756656,26.9096609046355
"South","South",2012,"35-44",168,4335227,38.7522960158718
"South","South",2012,"45-54",310,3987164,77.7494981395297
"South","South",2012,"55-64",682,3256889,209.402285432509
"South","South",2012,"65-74",784,2052607,381.953291594543
"South","South",2012,"75-89",438,1085056,403.665801580748
"South","South",2012,"90+",121,484319,249.835335801404
"South","South",2013,"25-34",152,4753959,31.973351053301
"South","South",2013,"35-44",260,4405969,59.010855500799
"South","South",2013,"45-54",363,3989109,90.9977641623731
"South","South",2013,"55-64",793,3350928,236.650862089547
"South","South",2013,"65-74",981,2144103,457.533989738366
"South","South",2013,"75-89",577,1122374,514.08888659217
"South","South",2013,"90+",139,510710,272.170116112863
"South","South",2014,"25-34",178,4750404,37.470497246129
"South","South",2014,"35-44",226,4473522,50.5194788356914
"South","South",2014,"45-54",411,3991870,102.959264705514
"South","South",2014,"55-64",786,3439241,228.538796786849
"South","South",2014,"65-74",1030,2236984,460.44138000093
"South","South",2014,"75-89",606,1163536,520.826171257271
"South","South",2014,"90+",162,537850,301.199219113136
"South","South",2015,"25-34",155,4748703,32.6404915194738
"South","South",2015,"35-44",263,4532208,58.0291107557288
"South","South",2015,"45-54",469,4000518,117.234818091057
"South","South",2015,"55-64",956,3519598,271.621929549909
"South","South",2015,"65-74",1196,2329892,513.328514798111
"South","South",2015,"75-89",733,1209529,606.021021405853
"South","South",2015,"90+",188,565644,332.364526097687
"South","South",2016,"25-34",179,4748103,37.6992664228219
"South","South",2016,"35-44",300,4582697,65.4636341874665
"South","South",2016,"45-54",552,4014460,137.502926919187
"South","South",2016,"55-64",1180,3592288,328.481458056815
"South","South",2016,"65-74",1354,2422445,558.939418645212
"South","South",2016,"75-89",800,1260029,634.906022004256
"South","South",2016,"90+",223,594691,374.984655896928
"South","South",2017,"25-34",182,4749304,38.3214045679114
"South","South",2017,"35-44",304,4624663,65.7345194666076
"South","South",2017,"45-54",543,4033419,134.625239777965
"South","South",2017,"55-64",1225,3657713,334.90872575295
"South","South",2017,"65-74",1481,2513762,589.156809594544
"South","South",2017,"75-89",993,1314821,755.235883819927
"South","South",2017,"90+",242,625673,386.783511514801
"South","South",2018,"25-34",239,4747291,50.3445017379385
"South","South",2018,"35-44",335,4658317,71.9143845298635
"South","South",2018,"45-54",623,4059424,153.470048952758
"South","South",2018,"55-64",1401,3714319,377.188927499227
"South","South",2018,"65-74",1963,2604532,753.686266860995
"South","South",2018,"75-89",1240,1374142,902.381267729245
"South","South",2018,"90+",349,658002,530.393524639743
"South","South",2019,"25-34",209,4734008,44.1486368421853
"South","South",2019,"35-44",317,4684951,67.6634611546631
"South","South",2019,"45-54",724,4094747,176.811900710838
"South","South",2019,"55-64",1723,3760009,458.243583991421
"South","South",2019,"65-74",2290,2696142,849.361791775062
"South","South",2019,"75-89",1475,1438194,1025.59181862809
"South","South",2019,"90+",388,690930,561.561952730378
"South","South",2020,"25-34",163,4704582,34.6470738526823
"South","South",2020,"35-44",298,4705467,63.3305897161748
"South","South",2020,"45-54",615,4140380,148.537090798429
"South","South",2020,"55-64",1461,3794012,385.080489993179
"South","South",2020,"65-74",1980,2789140,709.896240418193
"South","South",2020,"75-89",1065,1506892,706.752706896048
"South","South",2020,"90+",214,724108,295.536025012843
"South","South",2021,"25-34",173,4667363,37.0658978099625
"South","South",2021,"35-44",319,4718676,67.6037091760485
"South","South",2021,"45-54",628,4196084,149.663352783214
"South","South",2021,"55-64",1710,3816974,447.998859829802
"South","South",2021,"65-74",2283,2882582,791.998284870994
"South","South",2021,"75-89",1293,1579907,818.402602178483
"South","South",2021,"90+",289,758190,381.1709465965
"South","South",2022,"25-34",192,4605453,41.6897100024688
"South","South",2022,"35-44",380,4723086,80.4558714365989
"South","South",2022,"45-54",709,4262455,166.336066891029
"South","South",2022,"55-64",1867,3828770,487.623962787005
"South","South",2022,"65-74",2606,2976007,875.669983303131
"South","South",2022,"75-89",1645,1657067,992.717856308767
"South","South",2022,"90+",388,793578,488.924844186709
"South","South",2023,"25-34",218,4529178,48.1323542594263
"South","South",2023,"35-44",408,4721776,86.4081650633152
"South","South",2023,"45-54",856,4334049,197.505842688904
"South","South",2023,"55-64",2038,3834169,531.536298999862
"South","South",2023,"65-74",3043,3067229,992.100687623911
"South","South",2023,"75-89",2145,1737174,1234.76404781559
"South","South",2023,"90+",574,830983,690.748186184314
"South","South",2024,"25-34",221,4448430,49.6804490573079
"South","South",2024,"35-44",397,4719534,84.1184744087022
"South","South",2024,"45-54",951,4402438,216.016670762882
"South","South",2024,"55-64",2319,3840303,603.858601782203
"South","South",2024,"65-74",3910,3153116,1240.04318268024
"South","South",2024,"75-89",2752,1818546,1513.29688663361
"South","South",2024,"90+",696,871488,798.634060365719
"National",NA,2010,"25-34",889,34810889,25.5379861169303
"National",NA,2010,"35-44",1155,30031057,38.4601847347564
"National",NA,2010,"45-54",1997,25176609,79.3196573851546
"National",NA,2010,"55-64",3618,18664337,193.84562119726
"National",NA,2010,"65-74",4160,11502729,361.653308532262
"National",NA,2010,"75-89",2634,6390032,412.204508522023
"National",NA,2010,"90+",722,2972275,242.911574467369
"National",NA,2011,"25-34",907,34820716,26.0477125168822
"National",NA,2011,"35-44",1287,30625846,42.0233289228973
"National",NA,2011,"45-54",2103,25529490,82.3753235963586
"National",NA,2011,"55-64",3963,19254186,205.825372207374
"National",NA,2011,"65-74",4569,11954574,382.196806009148
"National",NA,2011,"75-89",2791,6578150,424.283423150886
"National",NA,2011,"90+",774,3084676,250.917762513794
"National",NA,2012,"25-34",884,34750165,25.4387281326578
"National",NA,2012,"35-44",1303,31257133,41.6864848097233
"National",NA,2012,"45-54",2239,25840355,86.6474164151383
"National",NA,2012,"55-64",4275,19845718,215.411707452459
"National",NA,2012,"65-74",4958,12437717,398.626210903496
"National",NA,2012,"75-89",3051,6772192,450.518827581971
"National",NA,2012,"90+",816,3201121,254.910701594848
"National",NA,2013,"25-34",851,34632096,24.5725814573857
"National",NA,2013,"35-44",1379,31889434,43.2431632370772
"National",NA,2013,"45-54",2337,26135110,89.4199412208328
"National",NA,2013,"55-64",4483,20431139,219.419974578999
"National",NA,2013,"65-74",5365,12945225,414.438528492166
"National",NA,2013,"75-89",3067,6976903,439.593326723906
"National",NA,2013,"90+",825,3322826,248.28263652686
"National",NA,2014,"25-34",867,34516131,25.118690156785
"National",NA,2014,"35-44",1408,32470602,43.3623004587349
"National",NA,2014,"45-54",2424,26452554,91.6357641685563
"National",NA,2014,"55-64",4638,20999638,220.860950079235
"National",NA,2014,"65-74",5497,13467240,408.175691529965
"National",NA,2014,"75-89",3186,7199523,442.529317567289
"National",NA,2014,"90+",818,3452989,236.896207894088
"National",NA,2015,"25-34",839,34432620,24.3664292754952
"National",NA,2015,"35-44",1402,32966477,42.5280505405537
"National",NA,2015,"45-54",2492,26817881,92.9230762117261
"National",NA,2015,"55-64",4895,21543967,227.209779888727
"National",NA,2015,"65-74",5777,13997470,412.717441080424
"National",NA,2015,"75-89",3306,7445283,444.039534830308
"National",NA,2015,"90+",856,3592423,238.27928949347
"National",NA,2016,"25-34",837,34379203,24.3461141318488
"National",NA,2016,"35-44",1436,33379591,43.0202994398583
"National",NA,2016,"45-54",2641,27225236,97.0055870222759
"National",NA,2016,"55-64",5286,22065249,239.562218400527
"National",NA,2016,"65-74",6309,14534648,434.066239512646
"National",NA,2016,"75-89",3551,7713042,460.389039758891
"National",NA,2016,"90+",913,3743465,243.891688582637
"National",NA,2017,"25-34",848,34365199,24.6761265662975
"National",NA,2017,"35-44",1532,33709762,45.4467759220608
"National",NA,2017,"45-54",2902,27671879,104.87180866901
"National",NA,2017,"55-64",5882,22566087,260.656621593278
"National",NA,2017,"65-74",6941,15075632,460.411875269972
"National",NA,2017,"75-89",4233,8001859,529.002073143253
"National",NA,2017,"90+",996,3909935,254.735692537088
"National",NA,2018,"25-34",976,34363373,28.4023340782059
"National",NA,2018,"35-44",1561,33958624,45.9677046985178
"National",NA,2018,"45-54",2981,28160322,105.858164547976
"National",NA,2018,"55-64",6689,23040023,290.320890738694
"National",NA,2018,"65-74",8493,15621201,543.684189199025
"National",NA,2018,"75-89",4947,8314779,594.964700805638
"National",NA,2018,"90+",1271,4085697,311.085232213745
"National",NA,2019,"25-34",888,34324757,25.8705400303344
"National",NA,2019,"35-44",1634,34130660,47.8748433226899
"National",NA,2019,"45-54",3406,28689589,118.719023824287
"National",NA,2019,"55-64",7499,23477440,319.413019477422
"National",NA,2019,"65-74",9435,16173590,583.358425680384
"National",NA,2019,"75-89",5552,8654924,641.484546831376
"National",NA,2019,"90+",1427,4262742,334.761052862219
"National",NA,2020,"25-34",778,34219132,22.7358192487174
"National",NA,2020,"35-44",1465,34231961,42.7962628258428
"National",NA,2020,"45-54",3048,29255478,104.185616109229
"National",NA,2020,"55-64",6357,23875081,266.260876769381
"National",NA,2020,"65-74",7687,16732972,459.39239006675
"National",NA,2020,"75-89",4086,9023052,452.840125491907
"National",NA,2020,"90+",889,4437036,200.358978381063
"National",NA,2021,"25-34",922,34069012,27.0627161128124
"National",NA,2021,"35-44",1576,34259369,46.0020148065191
"National",NA,2021,"45-54",3470,29854837,116.229072026084
"National",NA,2021,"55-64",7895,24234960,325.769054291816
"National",NA,2021,"65-74",9809,17295908,567.128363541249
"National",NA,2021,"75-89",5408,9416919,574.285496137325
"National",NA,2021,"90+",1215,4613184,263.37557747534
"National",NA,2022,"25-34",1018,33819144,30.1012941072666
"National",NA,2022,"35-44",1836,34206034,53.6747405443145
"National",NA,2022,"45-54",3814,30488714,125.095469753168
"National",NA,2022,"55-64",9227,24554480,375.776640352392
"National",NA,2022,"65-74",12063,17860444,675.403142273507
"National",NA,2022,"75-89",7093,9835161,721.187990720233
"National",NA,2022,"90+",1748,4793709,364.644578967977
"National",NA,2023,"25-34",1063,33529754,31.7031851769625
"National",NA,2023,"35-44",1959,34103867,57.4421663091754
"National",NA,2023,"45-54",4381,31122631,140.765734105192
"National",NA,2023,"55-64",10253,24858410,412.455985720728
"National",NA,2023,"65-74",13861,18419294,752.526128308718
"National",NA,2023,"75-89",8711,10272660,847.979004464277
"National",NA,2023,"90+",2189,4983327,439.264772309744
"National",NA,2024,"25-34",1082,33195956,32.5943316710023
"National",NA,2024,"35-44",2054,34002064,60.4080975790176
"National",NA,2024,"45-54",4761,31706146,150.160161376914
"National",NA,2024,"55-64",11266,25184028,447.347024868301
"National",NA,2024,"65-74",16367,18962399,863.129185289266
"National",NA,2024,"75-89",10558,10722442,984.663754767804
"National",NA,2024,"90+",2474,5189380,476.742886433447
